timestamp,bid_price_1,bid_volume_1,bid_price_2,bid_volume_2,bid_price_3,bid_volume_3,ask_price_1,ask_volume_1,ask_price_2,ask_volume_2,ask_price_3,ask_volume_3,mid_price
0,5002,1,4997.0,31.0,,,5003,31,,,,,5002.5
100,4997,24,,,,,5003,2,5004.0,22.0,,,5000.0
200,4997,2,4996.0,20.0,,,5003,20,,,,,5000.0
300,4996,31,,,,,5003,31,,,,,4999.5
400,4995,27,,,,,5002,27,,,,,4998.5
500,4996,30,,,,,5003,30,,,,,4999.5
600,4999,5,4997.0,6.0,4996.0,25.0,5003,25,,,,,5001.0
700,4997,2,4996.0,23.0,,,5003,23,,,,,5000.0
800,4997,30,,,,,5003,1,5004.0,29.0,,,5000.0
900,4997,23,,,,,5003,1,5004.0,22.0,,,5000.0
1000,4996,26,,,,,5001,6,5003.0,26.0,,,4998.5
1100,4998,6,4997.0,26.0,,,5004,26,,,,,5001.0
1200,4997,21,,,,,5002,8,5004.0,21.0,,,4999.5
1300,4997,31,,,,,5003,1,5004.0,30.0,,,5000.0
1400,4997,3,4996.0,25.0,,,5003,26,,,,,5000.0
1500,4996,27,,,,,5003,27,,,,,4999.5
1600,4996,29,,,,,5001,4,5003.0,29.0,,,4998.5
1700,4997,22,,,,,5002,8,5003.0,2.0,5004.0,20.0,4999.5
1800,4997,1,4996.0,22.0,,,5003,23,,,,,5000.0
1900,4997,1,4996.0,28.0,,,5001,5,5003.0,29.0,,,4999.0
2000,4996,26,,,,,5003,26,,,,,4999.5
2100,4997,2,4996.0,25.0,,,5003,27,,,,,5000.0
2200,4997,1,4996.0,24.0,,,5001,7,5003.0,25.0,,,4999.0
2300,4997,32,,,,,5003,2,5004.0,30.0,,,5000.0
2400,4997,28,,,,,5004,29,,,,,5000.5
2500,4997,3,4996.0,22.0,,,5003,23,,,,,5000.0
2600,4998,3,4997.0,23.0,,,5004,23,,,,,5001.0
2700,4998,26,,,,,5005,26,,,,,5001.5
2800,4997,25,,,,,5004,25,,,,,5000.5
2900,4996,26,,,,,5003,26,,,,,4999.5
3000,4997,3,4996.0,26.0,,,5003,26,,,,,5000.0
3100,4996,26,,,,,5001,5,5003.0,26.0,,,4998.5
3200,4996,23,,,,,5001,3,5003.0,23.0,,,4998.5
3300,4997,2,4996.0,30.0,,,5001,2,5003.0,32.0,,,4999.0
3400,4997,26,,,,,5003,2,5004.0,24.0,,,5000.0
3500,4997,26,,,,,5004,26,,,,,5000.5
3600,4997,21,,,,,5004,21,,,,,5000.5
3700,4998,3,4997.0,24.0,,,5004,24,,,,,5001.0
3800,4997,25,,,,,5004,25,,,,,5000.5
3900,4998,2,4997.0,26.0,,,5003,1,5004.0,25.0,,,5000.5
4000,4997,32,,,,,5003,2,5004.0,30.0,,,5000.0
4100,4997,29,,,,,5003,2,5004.0,27.0,,,5000.0
4200,4998,2,4997.0,24.0,,,5004,26,,,,,5001.0
4300,4998,7,4997.0,22.0,,,5000,5,5004.0,22.0,,,4999.0
4400,4997,30,,,,,5004,30,,,,,5000.5
4500,4996,28,,,,,5003,29,,,,,4999.5
4600,4997,30,,,,,5004,30,,,,,5000.5
4700,4997,32,,,,,4998,7,5002.0,3.0,5003.0,2.0,4997.5
4800,4997,24,,,,,5004,24,,,,,5000.5
4900,4996,22,,,,,5003,22,,,,,4999.5
5000,4997,30,,,,,5004,30,,,,,5000.5
5100,4998,7,4997.0,30.0,,,5004,31,,,,,5001.0
5200,4998,8,4997.0,27.0,,,5003,1,5004.0,26.0,,,5000.5
5300,5002,1,4997.0,21.0,,,5004,21,,,,,5003.0
5400,4997,21,,,,,5002,6,5004.0,21.0,,,4999.5
5500,4997,27,,,,,5004,27,,,,,5000.5
5600,5002,2,4998.0,28.0,,,5005,28,,,,,5003.5
5700,4999,26,,,,,5006,27,,,,,5002.5
5800,4999,31,,,,,5006,31,,,,,5002.5
5900,5000,5,4999.0,30.0,,,5005,2,5006.0,28.0,,,5002.5
6000,4998,30,,,,,5005,30,,,,,5001.5
6100,4999,24,,,,,5005,1,5006.0,24.0,,,5002.0
6200,4999,22,,,,,5005,1,5006.0,21.0,,,5002.0
6300,4999,7,4998.0,23.0,,,5005,25,,,,,5002.0
6400,4999,1,4998.0,24.0,,,5005,25,,,,,5002.0
6500,4999,27,,,,,5005,1,5006.0,26.0,,,5002.0
6600,4998,26,,,,,5005,26,,,,,5001.5
6700,4999,7,4998.0,20.0,,,5005,20,,,,,5002.0
6800,4997,32,,,,,5002,8,5003.0,2.0,5004.0,30.0,4999.5
6900,4997,27,,,,,5002,1,5004.0,27.0,,,4999.5
7000,5002,4,4997.0,27.0,,,5004,27,,,,,5003.0
7100,4998,30,,,,,5005,30,,,,,5001.5
7200,4998,28,,,,,5005,28,,,,,5001.5
7300,4998,6,4997.0,29.0,,,5004,31,,,,,5001.0
7400,4998,22,,,,,5004,1,5005.0,22.0,,,5001.0
7500,4998,25,,,,,5005,25,,,,,5001.5
7600,4997,22,,,,,5004,22,,,,,5000.5
7700,4997,21,,,,,5004,22,,,,,5000.5
7800,4998,1,4997.0,22.0,,,5004,23,,,,,5001.0
7900,4999,4,4998.0,27.0,,,5004,1,5005.0,26.0,,,5001.5
8000,4998,27,,,,,5003,8,5005.0,27.0,,,5000.5
8100,4998,23,,,,,5004,1,5005.0,22.0,,,5001.0
8200,4997,23,,,,,5002,1,5004.0,23.0,,,4999.5
8300,4998,30,,,,,5005,30,,,,,5001.5
8400,4998,28,,,,,5005,28,,,,,5001.5
8500,4998,2,4997.0,29.0,,,5004,31,,,,,5001.0
8600,4997,22,,,,,5004,23,,,,,5000.5
8700,4997,27,,,,,5002,4,5004.0,27.0,,,4999.5
8800,4998,7,4997.0,25.0,,,5004,25,,,,,5001.0
8900,4999,1,4998.0,26.0,,,5005,26,,,,,5002.0
9000,4997,31,,,,,5004,31,,,,,5000.5
9100,4998,29,,,,,5005,29,,,,,5001.5
9200,4997,27,,,,,5002,7,5004.0,27.0,,,4999.5
9300,4998,21,,,,,5004,1,5005.0,20.0,,,5001.0
9400,4997,23,,,,,5004,23,,,,,5000.5
9500,4998,4,4997.0,31.0,,,5004,31,,,,,5001.0
9600,4997,31,,,,,5004,31,,,,,5000.5
9700,4997,22,,,,,5004,22,,,,,5000.5
9800,4997,26,,,,,5004,26,,,,,5000.5
9900,5001,4,4996.0,25.0,,,5003,25,,,,,5002.0
10000,4997,8,4996.0,28.0,,,5003,28,,,,,5000.0
10100,4996,1,4995.0,24.0,,,5002,25,,,,,4999.0
10200,4996,2,4995.0,26.0,,,5002,28,,,,,4999.0
10300,5001,1,4997.0,8.0,4996.0,27.0,5003,27,,,,,5002.0
10400,4997,1,4996.0,29.0,,,5003,29,,,,,5000.0
10500,4996,31,,,,,5003,31,,,,,4999.5
10600,4997,31,,,,,5000,4,5002.0,4.0,5004.0,31.0,4998.5
10700,4998,1,4997.0,28.0,,,5004,28,,,,,5001.0
10800,4998,3,4997.0,24.0,,,5004,24,,,,,5001.0
10900,4999,7,4998.0,28.0,,,5005,28,,,,,5002.0
11000,5002,7,4997.0,24.0,,,5004,24,,,,,5003.0
11100,4998,21,,,,,5005,21,,,,,5001.5
11200,4998,2,4997.0,21.0,,,5004,23,,,,,5001.0
11300,4999,3,4998.0,22.0,,,5004,1,5005.0,21.0,,,5001.5
11400,4997,26,,,,,5003,1,5004.0,25.0,,,5000.0
11500,4997,26,,,,,5002,8,5004.0,26.0,,,4999.5
11600,4997,29,,,,,5004,29,,,,,5000.5
11700,4997,23,,,,,4998,2,5003.0,2.0,5004.0,21.0,4997.5
11800,4997,29,,,,,5000,4,5004.0,29.0,,,4998.5
11900,4998,32,,,,,5003,3,5004.0,2.0,5005.0,30.0,5000.5
12000,4998,20,,,,,5005,20,,,,,5001.5
12100,4998,2,4997.0,25.0,,,5002,1,5004.0,27.0,,,5000.0
12200,4998,6,4997.0,28.0,,,5004,30,,,,,5001.0
12300,4998,1,4997.0,28.0,,,5004,29,,,,,5001.0
12400,4999,4,4998.0,26.0,,,5005,26,,,,,5002.0
12500,4998,19,,,,,5005,20,,,,,5001.5
12600,4998,22,,,,,5005,22,,,,,5001.5
12700,4998,2,4997.0,20.0,,,5004,22,,,,,5001.0
12800,4997,22,,,,,5004,22,,,,,5000.5
12900,4998,7,4997.0,29.0,,,5003,1,5004.0,28.0,,,5000.5
13000,5002,1,4997.0,6.0,4996.0,20.0,5003,20,,,,,5002.5
13100,4997,8,4996.0,25.0,,,5003,26,,,,,5000.0
13200,4997,22,,,,,5002,5,5004.0,22.0,,,4999.5
13300,4998,6,4997.0,24.0,,,5004,24,,,,,5001.0
13400,4997,32,,,,,5004,32,,,,,5000.5
13500,4997,30,,,,,5002,8,5004.0,30.0,,,4999.5
13600,4997,24,,,,,5002,3,5004.0,25.0,,,4999.5
13700,4999,4,4998.0,21.0,,,5004,1,5005.0,20.0,,,5001.5
13800,4999,1,4998.0,22.0,,,5004,2,5005.0,20.0,,,5001.5
13900,4998,22,,,,,5001,6,5003.0,4.0,5005.0,22.0,4999.5
14000,4998,5,4997.0,27.0,,,5004,29,,,,,5001.0
14100,4997,25,,,,,5002,1,5004.0,25.0,,,4999.5
14200,4997,21,,,,,4998,1,5004.0,21.0,,,4997.5
14300,4997,29,,,,,5004,29,,,,,5000.5
14400,4997,30,,,,,5004,30,,,,,5000.5
14500,4997,24,,,,,5004,24,,,,,5000.5
14600,4997,28,,,,,5000,2,5004.0,28.0,,,4998.5
14700,4997,30,,,,,5004,30,,,,,5000.5
14800,4997,28,,,,,5004,28,,,,,5000.5
14900,5000,4,4997.0,26.0,,,5004,26,,,,,5002.0
15000,5003,8,4998.0,25.0,,,5005,25,,,,,5004.0
15100,4998,5,4997.0,22.0,,,5004,22,,,,,5001.0
15200,4997,27,,,,,4998,1,5004.0,27.0,,,4997.5
15300,4997,26,,,,,5002,4,5004.0,26.0,,,4999.5
15400,4998,5,4997.0,30.0,,,5003,2,5004.0,28.0,,,5000.5
15500,4997,31,,,,,5002,8,5003.0,2.0,5004.0,29.0,4999.5
15600,4997,7,4996.0,24.0,,,5003,26,,,,,5000.0
15700,4997,25,,,,,5003,1,5004.0,24.0,,,5000.0
15800,5002,1,4997.0,22.0,,,5004,22,,,,,5003.0
15900,4997,31,,,,,5000,6,5002.0,2.0,5004.0,31.0,4998.5
16000,4997,29,,,,,5002,2,5004.0,29.0,,,4999.5
16100,4997,21,,,,,5000,2,5004.0,21.0,,,4998.5
16200,4996,24,,,,,4998,1,5003.0,24.0,,,4997.0
16300,4997,2,4996.0,23.0,,,5003,23,,,,,5000.0
16400,4996,2,4995.0,30.0,,,5002,32,,,,,4999.0
16500,4996,23,,,,,5002,2,5003.0,21.0,,,4999.0
16600,4996,29,,,,,5002,2,5003.0,28.0,,,4999.0
16700,5001,1,4995.0,26.0,,,5002,26,,,,,5001.5
16800,4996,26,,,,,5003,26,,,,,4999.5
16900,4996,26,,,,,5003,26,,,,,4999.5
17000,4996,29,,,,,5003,29,,,,,4999.5
17100,4996,23,,,,,5002,2,5003.0,21.0,,,4999.0
17200,4996,24,,,,,5003,24,,,,,4999.5
17300,4996,25,,,,,5001,6,5003.0,25.0,,,4998.5
17400,4999,6,4996.0,28.0,,,5003,28,,,,,5001.0
17500,4996,26,,,,,5003,26,,,,,4999.5
17600,4996,30,,,,,5003,30,,,,,4999.5
17700,5001,1,4996.0,2.0,4995.0,27.0,5002,29,,,,,5001.5
17800,4996,26,,,,,5002,2,5003.0,24.0,,,4999.0
17900,4995,23,,,,,5002,23,,,,,4998.5
18000,4996,2,4995.0,25.0,,,5002,27,,,,,4999.0
18100,4996,20,,,,,5003,20,,,,,4999.5
18200,4995,25,,,,,4997,4,5002.0,26.0,,,4996.0
18300,4995,25,,,,,5002,25,,,,,4998.5
18400,4995,25,,,,,5000,5,5002.0,25.0,,,4997.5
18500,4995,29,,,,,4998,1,5002.0,29.0,,,4996.5
18600,4996,20,,,,,5001,5,5003.0,20.0,,,4998.5
18700,4996,22,,,,,5003,22,,,,,4999.5
18800,4996,28,,,,,5002,2,5003.0,26.0,,,4999.0
18900,4996,22,,,,,5003,22,,,,,4999.5
19000,4995,28,,,,,4996,10,5002.0,28.0,,,4995.5
19100,4996,2,4995.0,26.0,,,5002,28,,,,,4999.0
19200,4996,21,,,,,5002,1,5003.0,20.0,,,4999.0
19300,4996,23,,,,,5002,2,5003.0,21.0,,,4999.0
19400,4995,26,,,,,5002,26,,,,,4998.5
19500,4995,23,,,,,5002,23,,,,,4998.5
19600,4997,2,4996.0,27.0,,,5003,29,,,,,5000.0
19700,4997,1,4996.0,30.0,,,5001,7,5003.0,32.0,,,4999.0
19800,4996,31,,,,,5003,31,,,,,4999.5
19900,4997,2,4996.0,30.0,,,5003,32,,,,,5000.0
20000,4997,2,4996.0,27.0,,,5003,27,,,,,5000.0
20100,4996,31,,,,,5001,4,5003.0,31.0,,,4998.5
20200,4996,29,,,,,5003,29,,,,,4999.5
20300,4996,27,,,,,4997,1,5003.0,27.0,,,4996.5
20400,4997,1,4996.0,29.0,,,4999,4,5002.0,1.0,5003.0,28.0,4998.0
20500,4999,4,4997.0,5.0,4996.0,32.0,5003,32,,,,,5001.0
20600,4997,2,4996.0,26.0,,,5003,28,,,,,5000.0
20700,4999,6,4996.0,22.0,,,5003,22,,,,,5001.0
20800,4995,24,,,,,5002,24,,,,,4998.5
20900,5000,1,4995.0,23.0,,,5002,23,,,,,5001.0
21000,4996,2,4995.0,26.0,,,5002,28,,,,,4999.0
21100,4996,2,4995.0,22.0,,,5002,24,,,,,4999.0
21200,4995,22,,,,,5002,22,,,,,4998.5
21300,4996,1,4995.0,29.0,,,5002,30,,,,,4999.0
21400,4996,28,,,,,5003,28,,,,,4999.5
21500,5000,4,4996.0,21.0,,,5002,1,5003.0,20.0,,,5001.0
21600,4996,27,,,,,5003,27,,,,,4999.5
21700,4996,2,4995.0,29.0,,,5002,31,,,,,4999.0
21800,4996,24,,,,,5003,24,,,,,4999.5
21900,4997,1,4996.0,21.0,,,5003,22,,,,,5000.0
22000,4996,21,,,,,5003,21,,,,,4999.5
22100,4997,23,,,,,5004,24,,,,,5000.5
22200,4997,21,,,,,5004,21,,,,,5000.5
22300,4997,29,,,,,5004,29,,,,,5000.5
22400,4996,29,,,,,5003,29,,,,,4999.5
22500,4997,2,4996.0,29.0,,,5003,31,,,,,5000.0
22600,5000,6,4998.0,4.0,4997.0,22.0,5003,2,5004.0,20.0,,,5001.5
22700,4997,1,4996.0,24.0,,,5003,26,,,,,5000.0
22800,4996,27,,,,,5002,1,5003.0,27.0,,,4999.0
22900,4996,32,,,,,5003,32,,,,,4999.5
23000,4996,22,,,,,5003,22,,,,,4999.5
23100,4996,23,,,,,5003,23,,,,,4999.5
23200,4997,31,,,,,5002,3,5004.0,31.0,,,4999.5
23300,4998,30,,,,,5004,1,5005.0,29.0,,,5001.0
23400,4998,30,,,,,5005,30,,,,,5001.5
23500,4998,29,,,,,5003,4,5005.0,30.0,,,5000.5
23600,4998,27,,,,,5005,27,,,,,5001.5
23700,4997,23,,,,,5002,7,5004.0,23.0,,,4999.5
23800,5003,1,4997.0,30.0,,,5004,30,,,,,5003.5
23900,5002,1,4998.0,1.0,4997.0,30.0,5004,30,,,,,5003.0
24000,4996,29,,,,,5003,29,,,,,4999.5
24100,4996,26,,,,,5001,3,5003.0,26.0,,,4998.5
24200,4996,30,,,,,5003,30,,,,,4999.5
24300,4996,26,,,,,5003,26,,,,,4999.5
24400,5002,1,4996.0,22.0,,,5003,22,,,,,5002.5
24500,4997,1,4996.0,25.0,,,5003,26,,,,,5000.0
24600,4996,24,,,,,5001,2,5003.0,24.0,,,4998.5
24700,4996,25,,,,,5003,25,,,,,4999.5
24800,4995,23,,,,,5002,23,,,,,4998.5
24900,4999,4,4995.0,23.0,,,5002,23,,,,,5000.5
25000,4995,23,,,,,5002,23,,,,,4998.5
25100,4995,25,,,,,5000,4,5002.0,25.0,,,4997.5
25200,4996,1,4995.0,24.0,,,5000,3,5002.0,25.0,,,4998.0
25300,4996,2,4995.0,24.0,,,5002,24,,,,,4999.0
25400,5000,8,4995.0,30.0,,,5001,1,5002.0,29.0,,,5000.5
25500,4995,1,4994.0,20.0,,,5001,21,,,,,4998.0
25600,4995,8,4994.0,23.0,,,5001,23,,,,,4998.0
25700,4995,32,,,,,5000,6,5001.0,2.0,5002.0,30.0,4997.5
25800,4995,23,,,,,5002,24,,,,,4998.5
25900,4995,25,,,,,5001,2,5002.0,23.0,,,4998.0
26000,4994,27,,,,,4995,5,5001.0,29.0,,,4994.5
26100,4994,20,,,,,5001,20,,,,,4997.5
26200,4994,23,,,,,5000,1,5001.0,22.0,,,4997.0
26300,4994,30,,,,,5001,30,,,,,4997.5
26400,4994,5,4993.0,22.0,,,5000,22,,,,,4997.0
26500,4993,24,,,,,5000,24,,,,,4996.5
26600,4994,6,4993.0,30.0,,,5000,30,,,,,4997.0
26700,4993,24,,,,,4998,6,4999.0,1.0,5000.0,23.0,4995.5
26800,4998,1,4992.0,30.0,,,4999,30,,,,,4998.5
26900,4991,30,,,,,4992,1,4998.0,30.0,,,4991.5
27000,4992,2,4991.0,28.0,,,4998,28,,,,,4995.0
27100,4992,3,4991.0,24.0,,,4998,24,,,,,4995.0
27200,4991,21,,,,,4996,2,4998.0,21.0,,,4993.5
27300,4996,1,4991.0,31.0,,,4997,2,4998.0,29.0,,,4996.5
27400,4991,21,,,,,4998,21,,,,,4994.5
27500,4992,23,,,,,4997,6,4998.0,1.0,4999.0,22.0,4994.5
27600,4993,6,4992.0,24.0,,,4999,24,,,,,4996.0
27700,4992,24,,,,,4993,5,4999.0,24.0,,,4992.5
27800,4992,28,,,,,4997,3,4998.0,2.0,4999.0,26.0,4994.5
27900,4998,1,4992.0,29.0,,,4999,29,,,,,4998.5
28000,4992,28,,,,,4999,28,,,,,4995.5
28100,4992,26,,,,,4999,26,,,,,4995.5
28200,4992,26,,,,,4997,5,4999.0,26.0,,,4994.5
28300,4993,1,4992.0,23.0,,,4994,2,4999.0,24.0,,,4993.5
28400,4992,1,4991.0,23.0,,,4998,25,,,,,4995.0
28500,4991,23,,,,,4998,23,,,,,4994.5
28600,4991,23,,,,,4996,8,4998.0,23.0,,,4993.5
28700,4990,30,,,,,4997,30,,,,,4993.5
28800,4990,27,,,,,4997,27,,,,,4993.5
28900,4990,5,4989.0,21.0,,,4996,22,,,,,4993.0
29000,4989,24,,,,,4990,1,4996.0,24.0,,,4989.5
29100,4991,3,4990.0,28.0,,,4996,2,4997.0,26.0,,,4993.5
29200,4996,1,4991.0,31.0,,,4997,1,4998.0,30.0,,,4996.5
29300,4991,32,,,,,4995,2,4997.0,32.0,,,4993.0
29400,4991,25,,,,,4998,26,,,,,4994.5
29500,4992,2,4991.0,29.0,,,4998,29,,,,,4995.0
29600,4991,30,,,,,4996,3,4998.0,30.0,,,4993.5
29700,4992,2,4991.0,26.0,,,4997,1,4998.0,25.0,,,4994.5
29800,4990,31,,,,,4995,1,4997.0,31.0,,,4992.5
29900,4991,8,4990.0,21.0,,,4997,21,,,,,4994.0
30000,4990,31,,,,,4997,31,,,,,4993.5
30100,4991,30,,,,,4997,30,,,,,4994.0
30200,4991,22,,,,,4997,2,4998.0,20.0,,,4994.0
30300,4996,1,4991.0,31.0,,,4998,31,,,,,4997.0
30400,4994,5,4991.0,31.0,,,4997,2,4998.0,29.0,,,4995.5
30500,4991,22,,,,,4998,22,,,,,4994.5
30600,4992,21,,,,,4998,2,4999.0,20.0,,,4995.0
30700,4992,30,,,,,4999,30,,,,,4995.5
30800,4993,3,4992.0,31.0,,,4998,1,4999.0,30.0,,,4995.5
30900,4991,30,,,,,4996,7,4998.0,30.0,,,4993.5
31000,4995,4,4993.0,7.0,4992.0,23.0,4998,1,4999.0,22.0,,,4996.5
31100,4992,29,,,,,4999,29,,,,,4995.5
31200,4992,31,,,,,4999,31,,,,,4995.5
31300,4992,24,,,,,4999,24,,,,,4995.5
31400,4992,26,,,,,4999,26,,,,,4995.5
31500,4993,5,4992.0,30.0,,,4999,30,,,,,4996.0
31600,4997,1,4992.0,27.0,,,4998,27,,,,,4997.5
31700,4991,24,,,,,4996,3,4998.0,24.0,,,4993.5
31800,4993,6,4991.0,1.0,4990.0,25.0,4997,26,,,,,4995.0
31900,4991,4,4990.0,28.0,,,4997,28,,,,,4994.0
32000,4992,3,4991.0,24.0,,,4998,25,,,,,4995.0
32100,4991,29,,,,,4997,1,4998.0,28.0,,,4994.0
32200,4991,28,,,,,4997,1,4998.0,27.0,,,4994.0
32300,4991,25,,,,,4998,25,,,,,4994.5
32400,4991,30,,,,,4997,1,4998.0,30.0,,,4994.0
32500,4991,21,,,,,4996,5,4997.0,1.0,4998.0,21.0,4993.5
32600,4990,30,,,,,4997,30,,,,,4993.5
32700,4991,24,,,,,4997,2,4998.0,22.0,,,4994.0
32800,4991,2,4990.0,28.0,,,4997,30,,,,,4994.0
32900,4991,2,4990.0,27.0,,,4997,29,,,,,4994.0
33000,4996,1,4991.0,30.0,,,4997,2,4998.0,28.0,,,4996.5
33100,4991,28,,,,,4996,3,4997.0,1.0,4998.0,28.0,4993.5
33200,4990,20,,,,,4991,10,4997.0,21.0,,,4990.5
33300,4990,21,,,,,4996,1,4997.0,20.0,,,4993.0
33400,4990,32,,,,,4997,32,,,,,4993.5
33500,4990,21,,,,,4997,21,,,,,4993.5
33600,4990,27,,,,,4997,27,,,,,4993.5
33700,4991,4,4990.0,28.0,,,4996,1,4997.0,27.0,,,4993.5
33800,4994,3,4991.0,5.0,4990.0,26.0,4996,1,4997.0,25.0,,,4995.0
33900,4990,24,,,,,4997,24,,,,,4993.5
34000,4990,29,,,,,4995,8,4997.0,30.0,,,4992.5
34100,4992,2,4991.0,23.0,,,4997,1,4998.0,22.0,,,4994.5
34200,4991,23,,,,,4996,1,4998.0,23.0,,,4993.5
34300,4990,23,,,,,4997,23,,,,,4993.5
34400,4991,3,4990.0,25.0,,,4996,25,,,,,4993.5
34500,4990,30,,,,,4991,5,4995.0,1.0,4997.0,30.0,4990.5
34600,4990,28,,,,,4997,29,,,,,4993.5
34700,4990,24,,,,,4997,24,,,,,4993.5
34800,4991,25,,,,,4997,2,4998.0,23.0,,,4994.0
34900,4991,21,,,,,4998,21,,,,,4994.5
35000,4997,1,4992.0,20.0,,,4999,20,,,,,4998.0
35100,4992,31,,,,,4998,2,4999.0,29.0,,,4995.0
35200,4993,3,4992.0,30.0,,,4998,2,4999.0,28.0,,,4995.5
35300,4992,28,,,,,4993,8,4999.0,28.0,,,4992.5
35400,4997,1,4993.0,2.0,4992.0,25.0,4999,25,,,,,4998.0
35500,4992,28,,,,,4999,28,,,,,4995.5
35600,4993,26,,,,,5000,26,,,,,4996.5
35700,4993,29,,,,,5000,29,,,,,4996.5
35800,4993,31,,,,,4994,2,5000.0,31.0,,,4993.5
35900,4993,23,,,,,5000,23,,,,,4996.5
36000,4993,30,,,,,4998,3,5000.0,30.0,,,4995.5
36100,4993,26,,,,,4999,2,5000.0,24.0,,,4996.0
36200,4993,1,4992.0,29.0,,,4999,30,,,,,4996.0
36300,4993,1,4992.0,21.0,,,4997,6,4999.0,22.0,,,4995.0
36400,4998,1,4993.0,3.0,4992.0,21.0,4999,21,,,,,4998.5
36500,4992,25,,,,,4994,2,4999.0,25.0,,,4993.0
36600,4993,29,,,,,5000,29,,,,,4996.5
36700,4992,21,,,,,4999,21,,,,,4995.5
36800,4993,30,,,,,5000,30,,,,,4996.5
36900,4992,27,,,,,4999,27,,,,,4995.5
37000,4991,25,,,,,4998,25,,,,,4994.5
37100,4992,4,4991.0,23.0,,,4998,23,,,,,4995.0
37200,4992,4,4991.0,21.0,,,4998,21,,,,,4995.0
37300,4992,4,4991.0,28.0,,,4998,28,,,,,4995.0
37400,4990,30,,,,,4997,30,,,,,4993.5
37500,4991,2,4990.0,25.0,,,4997,27,,,,,4994.0
37600,4991,22,,,,,4997,22,,,,,4994.0
37700,4991,24,,,,,4998,24,,,,,4994.5
37800,4991,24,,,,,4998,25,,,,,4994.5
37900,4991,25,,,,,4998,25,,,,,4994.5
38000,4991,32,,,,,4996,4,4998.0,32.0,,,4993.5
38100,4991,28,,,,,4997,2,4998.0,26.0,,,4994.0
38200,4991,28,,,,,4997,1,4998.0,27.0,,,4994.0
38300,4991,26,,,,,4998,26,,,,,4994.5
38400,4991,1,4990.0,23.0,,,4993,6,4997.0,24.0,,,4992.0
38500,4990,21,,,,,4997,21,,,,,4993.5
38600,4991,2,4990.0,28.0,,,4997,30,,,,,4994.0
38700,4991,20,,,,,4998,20,,,,,4994.5
38800,4991,21,,,,,4993,2,4996.0,1.0,4998.0,21.0,4992.0
38900,4992,2,4991.0,30.0,,,4996,7,4998.0,32.0,,,4994.0
39000,4991,23,,,,,4998,23,,,,,4994.5
39100,4992,25,,,,,4998,1,4999.0,24.0,,,4995.0
39200,4992,30,,,,,4997,2,4999.0,30.0,,,4994.5
39300,4992,27,,,,,4999,27,,,,,4995.5
39400,4993,31,,,,,4998,5,4999.0,1.0,5000.0,30.0,4995.5
39500,4992,27,,,,,4997,3,4999.0,27.0,,,4994.5
39600,4997,4,4992.0,23.0,,,4999,23,,,,,4998.0
39700,4993,4,4992.0,24.0,,,4998,2,4999.0,22.0,,,4995.5
39800,4991,28,,,,,4998,28,,,,,4994.5
39900,4992,31,,,,,4998,1,4999.0,30.0,,,4995.0
40000,4992,22,,,,,4999,22,,,,,4995.5
40100,4992,2,4991.0,29.0,,,4998,31,,,,,4995.0
40200,4992,29,,,,,4999,29,,,,,4995.5
40300,4992,22,,,,,4999,22,,,,,4995.5
40400,4992,24,,,,,4999,24,,,,,4995.5
40500,4992,29,,,,,4993,1,4999.0,29.0,,,4992.5
40600,4993,4,4992.0,26.0,,,4999,26,,,,,4996.0
40700,4992,22,,,,,4998,2,4999.0,20.0,,,4995.0
40800,4991,27,,,,,4998,27,,,,,4994.5
40900,4991,28,,,,,4998,28,,,,,4994.5
41000,4991,21,,,,,4992,1,4996.0,3.0,4998.0,21.0,4991.5
41100,4990,27,,,,,4991,1,4992.0,2.0,4997.0,27.0,4990.5
41200,4990,29,,,,,4997,29,,,,,4993.5
41300,4991,1,4990.0,24.0,,,4995,4,4997.0,25.0,,,4993.0
41400,4991,2,4990.0,23.0,,,4993,4,4995.0,5.0,4997.0,25.0,4992.0
41500,4991,2,4990.0,20.0,,,4995,1,4997.0,22.0,,,4993.0
41600,4990,23,,,,,4995,7,4997.0,23.0,,,4992.5
41700,4993,4,4990.0,21.0,,,4997,21,,,,,4995.0
41800,4990,24,,,,,4996,2,4997.0,22.0,,,4993.0
41900,4991,1,4990.0,21.0,,,4995,1,4997.0,22.0,,,4993.0
42000,4990,31,,,,,4995,5,4996.0,2.0,4997.0,30.0,4992.5
42100,4990,23,,,,,4997,23,,,,,4993.5
42200,4990,28,,,,,4997,28,,,,,4993.5
42300,4990,20,,,,,4991,7,4995.0,2.0,4997.0,20.0,4990.5
42400,4990,1,4989.0,29.0,,,4996,31,,,,,4993.0
42500,4989,24,,,,,4996,24,,,,,4992.5
42600,4989,26,,,,,4996,26,,,,,4992.5
42700,4989,26,,,,,4996,26,,,,,4992.5
42800,4989,30,,,,,4996,30,,,,,4992.5
42900,4988,25,,,,,4995,25,,,,,4991.5
43000,4991,2,4990.0,23.0,,,4996,23,,,,,4993.5
43100,4989,21,,,,,4996,21,,,,,4992.5
43200,4990,1,4989.0,20.0,,,4996,21,,,,,4993.0
43300,4989,25,,,,,4994,2,4996.0,25.0,,,4991.5
43400,4994,4,4989.0,24.0,,,4996,24,,,,,4995.0
43500,4990,22,,,,,4995,7,4997.0,23.0,,,4992.5
43600,4990,5,4989.0,21.0,,,4996,23,,,,,4993.0
43700,4990,24,,,,,4997,24,,,,,4993.5
43800,4991,9,4990.0,26.0,,,4997,28,,,,,4994.0
43900,4991,6,4990.0,30.0,,,4997,30,,,,,4994.0
44000,4991,2,4990.0,20.0,,,4995,3,4997.0,22.0,,,4993.0
44100,4990,24,,,,,4997,24,,,,,4993.5
44200,4991,21,,,,,4998,21,,,,,4994.5
44300,4991,27,,,,,4998,27,,,,,4994.5
44400,4991,28,,,,,4998,28,,,,,4994.5
44500,4995,1,4991.0,2.0,4990.0,21.0,4997,21,,,,,4996.0
44600,4990,1,4989.0,23.0,,,4996,24,,,,,4993.0
44700,4989,29,,,,,4996,29,,,,,4992.5
44800,4989,29,,,,,4996,29,,,,,4992.5
44900,4989,2,4988.0,25.0,,,4995,26,,,,,4992.0
45000,4988,26,,,,,4995,26,,,,,4991.5
45100,4988,27,,,,,4993,5,4995.0,27.0,,,4990.5
45200,4989,1,4988.0,28.0,,,4993,6,4995.0,29.0,,,4991.0
45300,4989,4,4988.0,22.0,,,4995,22,,,,,4992.0
45400,4988,22,,,,,4993,2,4994.0,2.0,4995.0,21.0,4990.5
45500,4987,25,,,,,4990,3,4994.0,25.0,,,4988.5
45600,4988,7,4987.0,26.0,,,4994,26,,,,,4991.0
45700,4986,24,,,,,4993,24,,,,,4989.5
45800,4986,27,,,,,4992,1,4993.0,27.0,,,4989.0
45900,4987,4,4986.0,31.0,,,4993,31,,,,,4990.0
46000,4986,26,,,,,4993,26,,,,,4989.5
46100,4986,25,,,,,4992,2,4993.0,23.0,,,4989.0
46200,4986,28,,,,,4993,28,,,,,4989.5
46300,4986,29,,,,,4993,29,,,,,4989.5
46400,4986,22,,,,,4993,22,,,,,4989.5
46500,4989,6,4986.0,31.0,,,4993,31,,,,,4991.0
46600,4987,3,4986.0,28.0,,,4993,28,,,,,4990.0
46700,4986,26,,,,,4993,26,,,,,4989.5
46800,4987,1,4986.0,21.0,,,4993,22,,,,,4990.0
46900,4992,1,4986.0,32.0,,,4993,32,,,,,4992.5
47000,4986,21,,,,,4992,1,4993.0,20.0,,,4989.0
47100,4986,26,,,,,4988,4,4993.0,26.0,,,4987.0
47200,4987,2,4986.0,28.0,,,4993,30,,,,,4990.0
47300,4987,25,,,,,4992,1,4994.0,25.0,,,4989.5
47400,4988,1,4987.0,24.0,,,4994,24,,,,,4991.0
47500,4988,30,,,,,4993,6,4995.0,30.0,,,4990.5
47600,4988,1,4987.0,27.0,,,4994,28,,,,,4991.0
47700,4988,1,4987.0,22.0,,,4994,23,,,,,4991.0
47800,4988,23,,,,,4995,23,,,,,4991.5
47900,4987,27,,,,,4994,27,,,,,4990.5
48000,4987,27,,,,,4994,27,,,,,4990.5
48100,4989,1,4988.0,21.0,,,4994,21,,,,,4991.5
48200,4988,25,,,,,4995,25,,,,,4991.5
48300,4988,29,,,,,4991,5,4995.0,29.0,,,4989.5
48400,4989,1,4988.0,27.0,,,4995,27,,,,,4992.0
48500,4990,1,4989.0,29.0,,,4996,29,,,,,4993.0
48600,4990,1,4989.0,29.0,,,4995,1,4996.0,28.0,,,4992.5
48700,4989,1,4988.0,22.0,,,4995,23,,,,,4992.0
48800,4989,5,4988.0,24.0,,,4995,24,,,,,4992.0
48900,4989,7,4988.0,27.0,,,4995,27,,,,,4992.0
49000,4989,7,4988.0,32.0,,,4994,2,4995.0,30.0,,,4991.5
49100,4989,8,4988.0,32.0,,,4995,32,,,,,4992.0
49200,4988,21,,,,,4994,1,4995.0,20.0,,,4991.0
49300,4987,22,,,,,4988,1,4994.0,22.0,,,4987.5
49400,4992,14,4987.0,20.0,,,4994,20,,,,,4993.0
49500,4988,8,4987.0,32.0,,,4994,32,,,,,4991.0
49600,4992,1,4987.0,24.0,,,4994,24,,,,,4993.0
49700,4987,28,,,,,4993,2,4994.0,26.0,,,4990.0
49800,4987,25,,,,,4988,5,4994.0,25.0,,,4987.5
49900,4986,23,,,,,4993,23,,,,,4989.5
50000,4986,1,4985.0,20.0,,,4992,21,,,,,4989.0
50100,4986,24,,,,,4991,2,4993.0,24.0,,,4988.5
50200,4985,24,,,,,4992,24,,,,,4988.5
50300,4985,30,,,,,4992,30,,,,,4988.5
50400,4985,23,,,,,4988,2,4990.0,1.0,4992.0,23.0,4986.5
50500,4986,2,4985.0,23.0,,,4992,25,,,,,4989.0
50600,4985,23,,,,,4986,8,4992.0,23.0,,,4985.5
50700,4986,2,4985.0,22.0,,,4992,24,,,,,4989.0
50800,4991,1,4986.0,24.0,,,4993,24,,,,,4992.0
50900,4986,28,,,,,4991,4,4992.0,1.0,4993.0,27.0,4988.5
51000,4986,28,,,,,4993,28,,,,,4989.5
51100,4986,26,,,,,4992,1,4993.0,25.0,,,4989.0
51200,4986,2,4985.0,28.0,,,4992,30,,,,,4989.0
51300,4985,25,,,,,4992,25,,,,,4988.5
51400,4985,30,,,,,4992,30,,,,,4988.5
51500,4991,1,4985.0,30.0,,,4992,30,,,,,4991.5
51600,4988,5,4985.0,24.0,,,4992,24,,,,,4990.0
51700,4984,20,,,,,4986,4,4991.0,20.0,,,4985.0
51800,4985,25,,,,,4992,25,,,,,4988.5
51900,4990,4,4986.0,1.0,4985.0,23.0,4992,24,,,,,4991.0
52000,4985,29,,,,,4990,6,4992.0,29.0,,,4987.5
52100,4985,21,,,,,4992,21,,,,,4988.5
52200,4985,31,,,,,4991,2,4992.0,29.0,,,4988.0
52300,4990,1,4985.0,28.0,,,4991,1,4992.0,27.0,,,4990.5
52400,4985,30,,,,,4991,1,4992.0,29.0,,,4988.0
52500,4990,1,4984.0,28.0,,,4991,28,,,,,4990.5
52600,4985,23,,,,,4988,4,4991.0,1.0,4992.0,22.0,4986.5
52700,4985,26,,,,,4992,27,,,,,4988.5
52800,4985,26,,,,,4992,26,,,,,4988.5
52900,4984,30,,,,,4991,30,,,,,4987.5
53000,4984,21,,,,,4991,21,,,,,4987.5
53100,4984,24,,,,,4991,24,,,,,4987.5
53200,4990,1,4984.0,31.0,,,4991,31,,,,,4990.5
53300,4984,29,,,,,4991,29,,,,,4987.5
53400,4984,25,,,,,4991,25,,,,,4987.5
53500,4984,23,,,,,4991,23,,,,,4987.5
53600,4985,24,,,,,4992,24,,,,,4988.5
53700,4985,30,,,,,4992,30,,,,,4988.5
53800,4985,30,,,,,4992,30,,,,,4988.5
53900,4986,2,4985.0,25.0,,,4992,27,,,,,4989.0
54000,4986,31,,,,,4991,1,4992.0,1.0,4993.0,30.0,4988.5
54100,4986,24,,,,,4991,2,4993.0,24.0,,,4988.5
54200,4986,28,,,,,4993,28,,,,,4989.5
54300,4991,1,4986.0,25.0,,,4992,2,4993.0,23.0,,,4991.5
54400,4986,29,,,,,4993,29,,,,,4989.5
54500,4986,1,4985.0,20.0,,,4992,21,,,,,4989.0
54600,4985,27,,,,,4992,27,,,,,4988.5
54700,4984,29,,,,,4986,4,4991.0,29.0,,,4985.0
54800,4984,27,,,,,4989,1,4991.0,27.0,,,4986.5
54900,4984,29,,,,,4991,29,,,,,4987.5
55000,4985,6,4984.0,30.0,,,4990,2,4991.0,28.0,,,4987.5
55100,4985,8,4984.0,29.0,,,4991,29,,,,,4988.0
55200,4984,23,,,,,4985,5,4989.0,8.0,4990.0,2.0,4984.5
55300,4985,2,4984.0,27.0,,,4991,29,,,,,4988.0
55400,4986,2,4985.0,22.0,,,4991,1,4992.0,21.0,,,4988.5
55500,4990,1,4985.0,4.0,4984.0,25.0,4991,25,,,,,4990.5
55600,4985,3,4984.0,26.0,,,4991,26,,,,,4988.0
55700,4985,2,4984.0,23.0,,,4991,23,,,,,4988.0
55800,4984,27,,,,,4991,27,,,,,4987.5
55900,4984,22,,,,,4991,22,,,,,4987.5
56000,4984,2,4983.0,22.0,,,4985,3,4990.0,24.0,,,4984.5
56100,4983,22,,,,,4990,22,,,,,4986.5
56200,4987,2,4983.0,30.0,,,4990,30,,,,,4988.5
56300,4983,8,4982.0,25.0,,,4989,27,,,,,4986.0
56400,4982,31,,,,,4989,31,,,,,4985.5
56500,4982,29,,,,,4989,29,,,,,4985.5
56600,4983,2,4982.0,29.0,,,4989,31,,,,,4986.0
56700,4987,6,4983.0,2.0,4982.0,24.0,4989,26,,,,,4988.0
56800,4982,24,,,,,4989,24,,,,,4985.5
56900,4983,4,4982.0,20.0,,,4989,22,,,,,4986.0
57000,4983,28,,,,,4988,8,4989.0,1.0,4990.0,27.0,4985.5
57100,4984,2,4983.0,25.0,,,4990,27,,,,,4987.0
57200,4989,1,4984.0,27.0,,,4990,27,,,,,4989.5
57300,4984,1,4983.0,26.0,,,4990,27,,,,,4987.0
57400,4984,24,,,,,4989,2,4991.0,24.0,,,4986.5
57500,4989,5,4986.0,5.0,4985.0,25.0,4991,2,4992.0,23.0,,,4990.0
57600,4984,24,,,,,4991,24,,,,,4987.5
57700,4985,29,,,,,4991,29,,,,,4988.0
57800,4984,31,,,,,4991,31,,,,,4987.5
57900,4984,27,,,,,4987,6,4989.0,5.0,4990.0,2.0,4985.5
58000,4984,5,4983.0,24.0,,,4990,25,,,,,4987.0
58100,4983,23,,,,,4990,23,,,,,4986.5
58200,4983,31,,,,,4990,31,,,,,4986.5
58300,4983,29,,,,,4990,29,,,,,4986.5
58400,4983,23,,,,,4988,1,4990.0,23.0,,,4985.5
58500,4983,21,,,,,4990,21,,,,,4986.5
58600,4983,25,,,,,4988,7,4990.0,25.0,,,4985.5
58700,4984,2,4983.0,32.0,,,4990,32,,,,,4987.0
58800,4982,29,,,,,4989,29,,,,,4985.5
58900,4983,25,,,,,4990,25,,,,,4986.5
59000,4984,22,,,,,4990,2,4991.0,20.0,,,4987.0
59100,4984,7,4983.0,27.0,,,4990,27,,,,,4987.0
59200,4984,31,,,,,4990,2,4991.0,29.0,,,4987.0
59300,4983,26,,,,,4988,2,4990.0,27.0,,,4985.5
59400,4983,1,4982.0,21.0,,,4989,22,,,,,4986.0
59500,4982,23,,,,,4989,23,,,,,4985.5
59600,4983,29,,,,,4990,29,,,,,4986.5
59700,4982,21,,,,,4989,21,,,,,4985.5
59800,4982,25,,,,,4989,25,,,,,4985.5
59900,4983,24,,,,,4989,1,4990.0,23.0,,,4986.0
60000,4982,22,,,,,4989,22,,,,,4985.5
60100,4982,27,,,,,4989,27,,,,,4985.5
60200,4987,3,4982.0,25.0,,,4989,25,,,,,4988.0
60300,4983,1,4982.0,27.0,,,4989,28,,,,,4986.0
60400,4983,1,4982.0,20.0,,,4989,21,,,,,4986.0
60500,4984,1,4983.0,23.0,,,4990,24,,,,,4987.0
60600,4984,2,4983.0,24.0,,,4990,24,,,,,4987.0
60700,4983,22,,,,,4988,5,4990.0,22.0,,,4985.5
60800,4983,31,,,,,4990,32,,,,,4986.5
60900,4983,31,,,,,4984,3,4987.0,4.0,4989.0,31.0,4983.5
61000,4982,28,,,,,4989,28,,,,,4985.5
61100,4983,29,,,,,4988,3,4990.0,29.0,,,4985.5
61200,4983,22,,,,,4986,2,4989.0,1.0,4990.0,21.0,4984.5
61300,4982,23,,,,,4989,23,,,,,4985.5
61400,4982,31,,,,,4988,1,4989.0,30.0,,,4985.0
61500,4982,29,,,,,4989,29,,,,,4985.5
61600,4982,30,,,,,4987,5,4989.0,30.0,,,4984.5
61700,4981,26,,,,,4986,7,4988.0,27.0,,,4983.5
61800,4981,20,,,,,4988,20,,,,,4984.5
61900,4982,26,,,,,4989,26,,,,,4985.5
62000,4987,1,4982.0,20.0,,,4989,20,,,,,4988.0
62100,4982,25,,,,,4989,25,,,,,4985.5
62200,4981,25,,,,,4988,25,,,,,4984.5
62300,4982,22,,,,,4989,22,,,,,4985.5
62400,4982,25,,,,,4987,8,4989.0,25.0,,,4984.5
62500,4984,2,4983.0,24.0,,,4989,1,4990.0,23.0,,,4986.5
62600,4984,29,,,,,4991,29,,,,,4987.5
62700,4984,26,,,,,4990,2,4991.0,24.0,,,4987.0
62800,4983,26,,,,,4984,1,4988.0,1.0,4990.0,26.0,4983.5
62900,4984,29,,,,,4989,1,4990.0,2.0,4991.0,27.0,4986.5
63000,4983,29,,,,,4988,4,4990.0,29.0,,,4985.5
63100,4984,1,4983.0,24.0,,,4990,26,,,,,4987.0
63200,4983,28,,,,,4990,28,,,,,4986.5
63300,4984,32,,,,,4990,2,4991.0,30.0,,,4987.0
63400,4988,3,4984.0,2.0,4983.0,24.0,4990,26,,,,,4989.0
63500,4984,2,4983.0,20.0,,,4990,20,,,,,4987.0
63600,4988,1,4983.0,21.0,,,4990,21,,,,,4989.0
63700,4983,8,4982.0,30.0,,,4989,30,,,,,4986.0
63800,4982,21,,,,,4987,7,4989.0,22.0,,,4984.5
63900,4982,21,,,,,4987,6,4989.0,21.0,,,4984.5
64000,4982,30,,,,,4989,30,,,,,4985.5
64100,4982,27,,,,,4989,27,,,,,4985.5
64200,4982,25,,,,,4988,1,4989.0,24.0,,,4985.0
64300,4982,23,,,,,4989,23,,,,,4985.5
64400,4983,4,4982.0,27.0,,,4989,29,,,,,4986.0
64500,4983,2,4982.0,27.0,,,4987,6,4989.0,29.0,,,4985.0
64600,4982,26,,,,,4989,26,,,,,4985.5
64700,4982,28,,,,,4989,28,,,,,4985.5
64800,4983,2,4982.0,30.0,,,4989,32,,,,,4986.0
64900,4983,2,4982.0,29.0,,,4987,3,4989.0,31.0,,,4985.0
65000,4983,25,,,,,4990,25,,,,,4986.5
65100,4983,25,,,,,4989,2,4990.0,23.0,,,4986.0
65200,4988,1,4983.0,29.0,,,4990,29,,,,,4989.0
65300,4983,21,,,,,4988,2,4990.0,21.0,,,4985.5
65400,4983,28,,,,,4986,3,4989.0,2.0,4990.0,26.0,4984.5
65500,4983,9,4982.0,27.0,,,4989,29,,,,,4986.0
65600,4982,20,,,,,4989,20,,,,,4985.5
65700,4982,29,,,,,4989,29,,,,,4985.5
65800,4982,20,,,,,4987,7,4989.0,20.0,,,4984.5
65900,4983,6,4982.0,23.0,,,4989,24,,,,,4986.0
66000,4983,2,4982.0,22.0,,,4989,24,,,,,4986.0
66100,4982,27,,,,,4989,27,,,,,4985.5
66200,4985,5,4982.0,20.0,,,4989,20,,,,,4987.0
66300,4988,1,4984.0,2.0,4983.0,25.0,4989,1,4990.0,24.0,,,4988.5
66400,4983,21,,,,,4990,21,,,,,4986.5
66500,4983,2,4982.0,20.0,,,4989,22,,,,,4986.0
66600,4982,22,,,,,4987,3,4989.0,22.0,,,4984.5
66700,4983,27,,,,,4990,27,,,,,4986.5
66800,4983,30,,,,,4990,30,,,,,4986.5
66900,4989,1,4985.0,4.0,4984.0,23.0,4991,23,,,,,4990.0
67000,4984,25,,,,,4991,25,,,,,4987.5
67100,4983,23,,,,,4990,23,,,,,4986.5
67200,4984,1,4983.0,20.0,,,4990,22,,,,,4987.0
67300,4985,1,4984.0,30.0,,,4991,30,,,,,4988.0
67400,4983,26,,,,,4990,26,,,,,4986.5
67500,4983,20,,,,,4990,21,,,,,4986.5
67600,4983,27,,,,,4990,27,,,,,4986.5
67700,4984,4,4983.0,29.0,,,4990,30,,,,,4987.0
67800,4984,8,4983.0,30.0,,,4990,30,,,,,4987.0
67900,4983,25,,,,,4990,25,,,,,4986.5
68000,4984,23,,,,,4991,23,,,,,4987.5
68100,4984,31,,,,,4989,4,4990.0,2.0,4991.0,29.0,4986.5
68200,4989,1,4983.0,31.0,,,4990,31,,,,,4989.5
68300,4989,1,4983.0,29.0,,,4990,29,,,,,4989.5
68400,4983,28,,,,,4990,28,,,,,4986.5
68500,4984,23,,,,,4991,23,,,,,4987.5
68600,4984,24,,,,,4990,1,4991.0,24.0,,,4987.0
68700,4984,1,4983.0,27.0,,,4990,28,,,,,4987.0
68800,4984,22,,,,,4991,22,,,,,4987.5
68900,4990,1,4984.0,28.0,,,4991,28,,,,,4990.5
69000,4984,30,,,,,4991,30,,,,,4987.5
69100,4985,31,,,,,4986,1,4991.0,31.0,,,4985.5
69200,4990,1,4989.0,2.0,4985.0,30.0,4992,30,,,,,4991.0
69300,4990,1,4985.0,21.0,,,4992,21,,,,,4991.0
69400,4985,26,,,,,4992,26,,,,,4988.5
69500,4986,6,4985.0,26.0,,,4992,26,,,,,4989.0
69600,4985,22,,,,,4992,23,,,,,4988.5
69700,4985,1,4984.0,20.0,,,4991,21,,,,,4988.0
69800,4985,1,4984.0,23.0,,,4991,24,,,,,4988.0
69900,4985,2,4984.0,27.0,,,4991,29,,,,,4988.0
70000,4985,2,4984.0,27.0,,,4991,29,,,,,4988.0
70100,4984,24,,,,,4985,1,4991.0,24.0,,,4984.5
70200,4985,22,,,,,4991,1,4992.0,21.0,,,4988.0
70300,4985,26,,,,,4992,26,,,,,4988.5
70400,4984,26,,,,,4989,6,4991.0,26.0,,,4986.5
70500,4984,23,,,,,4987,3,4989.0,3.0,4991.0,23.0,4985.5
70600,4985,6,4984.0,28.0,,,4991,28,,,,,4988.0
70700,4983,26,,,,,4990,26,,,,,4986.5
70800,4983,27,,,,,4984,1,4990.0,27.0,,,4983.5
70900,4983,32,,,,,4990,32,,,,,4986.5
71000,4983,30,,,,,4990,30,,,,,4986.5
71100,4983,22,,,,,4989,1,4990.0,21.0,,,4986.0
71200,4983,28,,,,,4990,29,,,,,4986.5
71300,4984,2,4983.0,26.0,,,4988,4,4990.0,28.0,,,4986.0
71400,4984,26,,,,,4990,2,4991.0,24.0,,,4987.0
71500,4984,28,,,,,4985,3,4991.0,28.0,,,4984.5
71600,4984,28,,,,,4991,28,,,,,4987.5
71700,4984,31,,,,,4989,4,4991.0,31.0,,,4986.5
71800,4984,27,,,,,4990,2,4991.0,25.0,,,4987.0
71900,4984,26,,,,,4990,1,4991.0,25.0,,,4987.0
72000,4984,1,4983.0,20.0,,,4988,6,4990.0,21.0,,,4986.0
72100,4983,21,,,,,4988,5,4990.0,21.0,,,4985.5
72200,4988,3,4984.0,31.0,,,4991,31,,,,,4989.5
72300,4984,23,,,,,4991,23,,,,,4987.5
72400,4985,2,4984.0,20.0,,,4989,6,4991.0,22.0,,,4987.0
72500,4986,9,4985.0,25.0,,,4992,27,,,,,4989.0
72600,4986,2,4985.0,29.0,,,4991,2,4992.0,27.0,,,4988.5
72700,4985,23,,,,,4992,23,,,,,4988.5
72800,4984,20,,,,,4991,20,,,,,4987.5
72900,4984,24,,,,,4991,24,,,,,4987.5
73000,4984,21,,,,,4989,2,4990.0,1.0,4991.0,21.0,4986.5
73100,4984,31,,,,,4990,2,4991.0,29.0,,,4987.0
73200,4984,21,,,,,4991,21,,,,,4987.5
73300,4984,1,4983.0,29.0,,,4990,30,,,,,4987.0
73400,4983,30,,,,,4988,4,4990.0,30.0,,,4985.5
73500,4983,25,,,,,4990,25,,,,,4986.5
73600,4982,25,,,,,4989,25,,,,,4985.5
73700,4982,24,,,,,4989,24,,,,,4985.5
73800,4982,24,,,,,4987,5,4989.0,24.0,,,4984.5
73900,4982,30,,,,,4983,3,4989.0,30.0,,,4982.5
74000,4982,26,,,,,4987,3,4989.0,26.0,,,4984.5
74100,4985,6,4982.0,32.0,,,4989,32,,,,,4987.0
74200,4981,22,,,,,4988,22,,,,,4984.5
74300,4982,7,4981.0,30.0,,,4988,32,,,,,4985.0
74400,4981,30,,,,,4988,30,,,,,4984.5
74500,4984,3,4981.0,29.0,,,4988,29,,,,,4986.0
74600,4981,29,,,,,4988,29,,,,,4984.5
74700,4981,32,,,,,4988,32,,,,,4984.5
74800,4982,26,,,,,4988,1,4989.0,25.0,,,4985.0
74900,4982,31,,,,,4988,1,4989.0,30.0,,,4985.0
75000,4987,1,4981.0,27.0,,,4988,27,,,,,4987.5
75100,4981,30,,,,,4988,30,,,,,4984.5
75200,4986,3,4982.0,26.0,,,4988,2,4989.0,24.0,,,4987.0
75300,4983,1,4982.0,28.0,,,4989,29,,,,,4986.0
75400,4983,31,,,,,4989,1,4990.0,30.0,,,4986.0
75500,4983,6,4982.0,28.0,,,4989,30,,,,,4986.0
75600,4983,28,,,,,4989,2,4990.0,26.0,,,4986.0
75700,4983,27,,,,,4988,3,4989.0,1.0,4990.0,26.0,4985.5
75800,4983,1,4982.0,29.0,,,4989,30,,,,,4986.0
75900,4982,21,,,,,4989,21,,,,,4985.5
76000,4983,32,,,,,4989,2,4990.0,30.0,,,4986.0
76100,4983,21,,,,,4989,1,4990.0,20.0,,,4986.0
76200,4983,22,,,,,4990,22,,,,,4986.5
76300,4985,6,4984.0,27.0,,,4991,27,,,,,4988.0
76400,4984,28,,,,,4991,28,,,,,4987.5
76500,4984,6,4983.0,28.0,,,4990,28,,,,,4987.0
76600,4982,30,,,,,4989,30,,,,,4985.5
76700,4982,26,,,,,4987,4,4989.0,26.0,,,4984.5
76800,4982,25,,,,,4989,25,,,,,4985.5
76900,4983,24,,,,,4984,4,4985.0,2.0,4990.0,24.0,4983.5
77000,4983,27,,,,,4990,27,,,,,4986.5
77100,4987,2,4986.0,3.0,4983.0,30.0,4990,30,,,,,4988.5
77200,4984,1,4983.0,27.0,,,4988,7,4990.0,28.0,,,4986.0
77300,4984,24,,,,,4991,24,,,,,4987.5
77400,4984,30,,,,,4991,30,,,,,4987.5
77500,4984,30,,,,,4991,30,,,,,4987.5
77600,4984,5,4983.0,25.0,,,4990,27,,,,,4987.0
77700,4983,26,,,,,4990,26,,,,,4986.5
77800,4984,26,,,,,4989,2,4990.0,1.0,4991.0,25.0,4986.5
77900,4984,7,4983.0,32.0,,,4990,32,,,,,4987.0
78000,4984,7,4983.0,23.0,,,4990,23,,,,,4987.0
78100,4984,23,,,,,4985,3,4990.0,2.0,4991.0,22.0,4984.5
78200,4984,27,,,,,4989,2,4991.0,27.0,,,4986.5
78300,4984,30,,,,,4991,30,,,,,4987.5
78400,4984,26,,,,,4989,5,4991.0,26.0,,,4986.5
78500,4984,23,,,,,4990,1,4991.0,22.0,,,4987.0
78600,4983,22,,,,,4990,22,,,,,4986.5
78700,4983,32,,,,,4984,2,4990.0,32.0,,,4983.5
78800,4984,4,4983.0,23.0,,,4990,23,,,,,4987.0
78900,4988,1,4983.0,26.0,,,4990,26,,,,,4989.0
79000,4983,28,,,,,4984,3,4988.0,3.0,4990.0,28.0,4983.5
79100,4982,23,,,,,4989,24,,,,,4985.5
79200,4983,21,,,,,4985,5,4988.0,2.0,4990.0,21.0,4984.0
79300,4983,5,4982.0,29.0,,,4989,30,,,,,4986.0
79400,4982,27,,,,,4989,28,,,,,4985.5
79500,4982,26,,,,,4989,26,,,,,4985.5
79600,4981,25,,,,,4988,25,,,,,4984.5
79700,4981,24,,,,,4988,24,,,,,4984.5
79800,4981,21,,,,,4986,8,4988.0,21.0,,,4983.5
79900,4981,29,,,,,4987,1,4988.0,29.0,,,4984.0
80000,4981,2,4980.0,30.0,,,4987,32,,,,,4984.0
80100,4985,4,4980.0,29.0,,,4987,29,,,,,4986.0
80200,4980,28,,,,,4987,28,,,,,4983.5
80300,4981,1,4980.0,26.0,,,4987,27,,,,,4984.0
80400,4981,26,,,,,4988,26,,,,,4984.5
80500,4981,28,,,,,4984,6,4988.0,28.0,,,4982.5
80600,4985,4,4981.0,26.0,,,4988,26,,,,,4986.5
80700,4981,31,,,,,4987,1,4988.0,30.0,,,4984.0
80800,4986,1,4982.0,5.0,4981.0,30.0,4987,1,4988.0,29.0,,,4986.5
80900,4982,4,4981.0,21.0,,,4988,21,,,,,4985.0
81000,4980,29,,,,,4987,29,,,,,4983.5
81100,4986,1,4981.0,26.0,,,4987,1,4988.0,25.0,,,4986.5
81200,4986,1,4980.0,22.0,,,4987,22,,,,,4986.5
81300,4981,1,4980.0,30.0,,,4987,31,,,,,4984.0
81400,4981,26,,,,,4985,7,4987.0,26.0,,,4983.0
81500,4982,6,4981.0,25.0,,,4988,25,,,,,4985.0
81600,4981,26,,,,,4988,26,,,,,4984.5
81700,4982,6,4981.0,24.0,,,4988,24,,,,,4985.0
81800,4981,25,,,,,4988,25,,,,,4984.5
81900,4981,30,,,,,4988,30,,,,,4984.5
82000,4981,22,,,,,4988,22,,,,,4984.5
82100,4981,27,,,,,4988,27,,,,,4984.5
82200,4982,2,4981.0,23.0,,,4988,25,,,,,4985.0
82300,4982,2,4981.0,26.0,,,4988,28,,,,,4985.0
82400,4982,1,4981.0,20.0,,,4988,21,,,,,4985.0
82500,4981,22,,,,,4988,23,,,,,4984.5
82600,4981,27,,,,,4982,3,4986.0,7.0,4988.0,27.0,4981.5
82700,4980,22,,,,,4987,22,,,,,4983.5
82800,4981,2,4980.0,20.0,,,4987,22,,,,,4984.0
82900,4980,21,,,,,4987,21,,,,,4983.5
83000,4981,1,4980.0,24.0,,,4987,25,,,,,4984.0
83100,4983,4,4982.0,29.0,,,4988,2,4989.0,27.0,,,4985.5
83200,4982,27,,,,,4988,27,,,,,4985.0
83300,4982,26,,,,,4989,26,,,,,4985.5
83400,4982,28,,,,,4989,28,,,,,4985.5
83500,4982,27,,,,,4989,27,,,,,4985.5
83600,4982,23,,,,,4988,1,4989.0,22.0,,,4985.0
83700,4982,24,,,,,4989,25,,,,,4985.5
83800,4983,2,4982.0,28.0,,,4989,30,,,,,4986.0
83900,4983,27,,,,,4990,27,,,,,4986.5
84000,4987,1,4983.0,4.0,4982.0,25.0,4989,25,,,,,4988.0
84100,4982,21,,,,,4988,1,4989.0,20.0,,,4985.0
84200,4982,7,4981.0,27.0,,,4988,29,,,,,4985.0
84300,4982,32,,,,,4989,32,,,,,4985.5
84400,4982,20,,,,,4989,20,,,,,4985.5
84500,4983,4,4982.0,24.0,,,4989,24,,,,,4986.0
84600,4988,1,4983.0,25.0,,,4989,2,4990.0,23.0,,,4988.5
84700,4983,30,,,,,4989,1,4990.0,29.0,,,4986.0
84800,4984,3,4983.0,30.0,,,4989,2,4990.0,28.0,,,4986.5
84900,4983,29,,,,,4988,1,4990.0,29.0,,,4985.5
85000,4982,24,,,,,4989,24,,,,,4985.5
85100,4982,26,,,,,4989,26,,,,,4985.5
85200,4982,24,,,,,4989,24,,,,,4985.5
85300,4984,2,4983.0,23.0,,,4989,1,4990.0,22.0,,,4986.5
85400,4983,4,4982.0,22.0,,,4989,22,,,,,4986.0
85500,4982,30,,,,,4988,2,4989.0,28.0,,,4985.0
85600,4987,4,4983.0,7.0,4982.0,22.0,4989,22,,,,,4988.0
85700,4982,28,,,,,4989,28,,,,,4985.5
85800,4983,30,,,,,4986,6,4990.0,31.0,,,4984.5
85900,4983,1,4982.0,30.0,,,4989,31,,,,,4986.0
86000,4986,5,4983.0,26.0,,,4989,2,4990.0,24.0,,,4987.5
86100,4983,1,4982.0,26.0,,,4989,27,,,,,4986.0
86200,4983,1,4982.0,23.0,,,4984,3,4989.0,24.0,,,4983.5
86300,4982,28,,,,,4989,28,,,,,4985.5
86400,4983,4,4982.0,30.0,,,4989,31,,,,,4986.0
86500,4983,27,,,,,4990,27,,,,,4986.5
86600,4983,25,,,,,4988,1,4990.0,25.0,,,4985.5
86700,4985,1,4982.0,21.0,,,4987,3,4989.0,21.0,,,4986.0
86800,4983,25,,,,,4989,1,4990.0,24.0,,,4986.0
86900,4987,2,4983.0,21.0,,,4990,21,,,,,4988.5
87000,4983,22,,,,,4989,22,,,,,4986.0
87100,4983,4,4982.0,21.0,,,4989,21,,,,,4986.0
87200,4982,28,,,,,4989,28,,,,,4985.5
87300,4983,2,4982.0,30.0,,,4989,32,,,,,4986.0
87400,4982,28,,,,,4983,1,4989.0,28.0,,,4982.5
87500,4982,30,,,,,4989,30,,,,,4985.5
87600,4982,23,,,,,4989,23,,,,,4985.5
87700,4982,20,,,,,4989,21,,,,,4985.5
87800,4983,27,,,,,4990,27,,,,,4986.5
87900,4982,24,,,,,4989,24,,,,,4985.5
88000,4983,27,,,,,4990,27,,,,,4986.5
88100,4984,27,,,,,4991,27,,,,,4987.5
88200,4985,8,4984.0,24.0,,,4991,24,,,,,4988.0
88300,4985,24,,,,,4991,1,4992.0,24.0,,,4988.0
88400,4985,30,,,,,4990,8,4992.0,30.0,,,4987.5
88500,4985,28,,,,,4992,28,,,,,4988.5
88600,4985,23,,,,,4986,2,4988.0,5.0,4992.0,23.0,4985.5
88700,4985,25,,,,,4990,4,4992.0,25.0,,,4987.5
88800,4985,2,4984.0,28.0,,,4986,2,4991.0,30.0,,,4985.5
88900,4984,24,,,,,4991,25,,,,,4987.5
89000,4984,22,,,,,4989,3,4990.0,2.0,4991.0,20.0,4986.5
89100,4984,7,4983.0,26.0,,,4990,27,,,,,4987.0
89200,4984,28,,,,,4989,5,4990.0,1.0,4991.0,27.0,4986.5
89300,4984,28,,,,,4991,28,,,,,4987.5
89400,4984,20,,,,,4991,20,,,,,4987.5
89500,4984,31,,,,,4991,31,,,,,4987.5
89600,4984,25,,,,,4989,6,4991.0,25.0,,,4986.5
89700,4985,1,4984.0,30.0,,,4990,2,4991.0,28.0,,,4987.5
89800,4984,23,,,,,4991,24,,,,,4987.5
89900,4984,23,,,,,4991,23,,,,,4987.5
90000,4984,29,,,,,4990,1,4991.0,28.0,,,4987.0
90100,4984,8,4983.0,28.0,,,4990,28,,,,,4987.0
90200,4983,4,4982.0,23.0,,,4989,23,,,,,4986.0
90300,4983,2,4982.0,21.0,,,4989,23,,,,,4986.0
90400,4983,8,4982.0,26.0,,,4989,28,,,,,4986.0
90500,4983,26,,,,,4990,26,,,,,4986.5
90600,4984,1,4983.0,22.0,,,4990,23,,,,,4987.0
90700,4984,26,,,,,4991,26,,,,,4987.5
90800,4984,25,,,,,4991,25,,,,,4987.5
90900,4990,1,4985.0,25.0,,,4992,25,,,,,4991.0
91000,4990,1,4984.0,30.0,,,4991,30,,,,,4990.5
91100,4985,23,,,,,4991,2,4992.0,21.0,,,4988.0
91200,4985,22,,,,,4992,22,,,,,4988.5
91300,4987,3,4986.0,20.0,,,4993,20,,,,,4990.0
91400,4987,1,4986.0,20.0,,,4993,21,,,,,4990.0
91500,4986,23,,,,,4993,23,,,,,4989.5
91600,4989,2,4986.0,27.0,,,4993,27,,,,,4991.0
91700,4991,1,4990.0,4.0,4986.0,30.0,4993,30,,,,,4992.0
91800,4991,1,4986.0,26.0,,,4993,26,,,,,4992.0
91900,4989,3,4986.0,30.0,,,4993,30,,,,,4991.0
92000,4985,28,,,,,4990,1,4992.0,28.0,,,4987.5
92100,4986,28,,,,,4993,28,,,,,4989.5
92200,4987,1,4986.0,22.0,,,4993,23,,,,,4990.0
92300,4986,26,,,,,4993,26,,,,,4989.5
92400,4986,25,,,,,4993,25,,,,,4989.5
92500,4986,23,,,,,4993,23,,,,,4989.5
92600,4992,1,4986.0,25.0,,,4993,25,,,,,4992.5
92700,4987,4,4986.0,29.0,,,4993,29,,,,,4990.0
92800,4986,22,,,,,4992,2,4993.0,20.0,,,4989.0
92900,4986,1,4985.0,26.0,,,4992,27,,,,,4989.0
93000,4986,7,4985.0,20.0,,,4992,20,,,,,4989.0
93100,4990,3,4986.0,1.0,4985.0,21.0,4992,22,,,,,4991.0
93200,4985,21,,,,,4990,2,4992.0,21.0,,,4987.5
93300,4990,1,4985.0,29.0,,,4992,29,,,,,4991.0
93400,4985,29,,,,,4992,29,,,,,4988.5
93500,4989,2,4986.0,26.0,,,4991,6,4993.0,26.0,,,4990.0
93600,4987,6,4986.0,27.0,,,4993,29,,,,,4990.0
93700,4985,25,,,,,4992,25,,,,,4988.5
93800,4986,5,4985.0,30.0,,,4992,30,,,,,4989.0
93900,4986,3,4985.0,28.0,,,4992,28,,,,,4989.0
94000,4985,31,,,,,4992,31,,,,,4988.5
94100,4987,3,4986.0,30.0,,,4993,30,,,,,4990.0
94200,4986,22,,,,,4993,22,,,,,4989.5
94300,4986,1,4985.0,26.0,,,4992,26,,,,,4989.0
94400,4985,29,,,,,4992,29,,,,,4988.5
94500,4985,25,,,,,4992,25,,,,,4988.5
94600,4985,22,,,,,4992,22,,,,,4988.5
94700,4986,21,,,,,4991,6,4993.0,21.0,,,4988.5
94800,4986,1,4985.0,27.0,,,4990,1,4992.0,28.0,,,4988.0
94900,4986,27,,,,,4993,27,,,,,4989.5
95000,4991,1,4985.0,22.0,,,4992,22,,,,,4991.5
95100,4985,25,,,,,4992,25,,,,,4988.5
95200,4986,2,4985.0,28.0,,,4992,30,,,,,4989.0
95300,4986,24,,,,,4993,24,,,,,4989.5
95400,4986,21,,,,,4993,21,,,,,4989.5
95500,4986,2,4985.0,25.0,,,4992,27,,,,,4989.0
95600,4986,29,,,,,4993,30,,,,,4989.5
95700,4986,2,4985.0,21.0,,,4990,6,4992.0,23.0,,,4988.0
95800,4987,5,4986.0,21.0,,,4993,21,,,,,4990.0
95900,4986,23,,,,,4991,8,4992.0,1.0,4993.0,22.0,4988.5
96000,4986,1,4985.0,23.0,,,4992,24,,,,,4989.0
96100,4986,23,,,,,4993,23,,,,,4989.5
96200,4986,25,,,,,4993,26,,,,,4989.5
96300,4986,27,,,,,4987,1,4993.0,27.0,,,4986.5
96400,4986,30,,,,,4993,30,,,,,4989.5
96500,4987,1,4986.0,28.0,,,4993,29,,,,,4990.0
96600,4986,24,,,,,4993,24,,,,,4989.5
96700,4987,2,4986.0,30.0,,,4993,32,,,,,4990.0
96800,4987,7,4986.0,27.0,,,4993,27,,,,,4990.0
96900,4986,1,4985.0,25.0,,,4992,26,,,,,4989.0
97000,4986,2,4985.0,26.0,,,4992,28,,,,,4989.0
97100,4985,28,,,,,4990,5,4992.0,28.0,,,4987.5
97200,4986,23,,,,,4989,3,4993.0,23.0,,,4987.5
97300,4986,25,,,,,4987,1,4993.0,25.0,,,4986.5
97400,4986,27,,,,,4993,27,,,,,4989.5
97500,4988,3,4987.0,24.0,,,4993,2,4994.0,22.0,,,4990.5
97600,4988,31,,,,,4993,7,4995.0,31.0,,,4990.5
97700,4988,22,,,,,4993,2,4995.0,22.0,,,4990.5
97800,4988,27,,,,,4993,1,4995.0,27.0,,,4990.5
97900,4988,25,,,,,4995,26,,,,,4991.5
98000,4988,24,,,,,4995,24,,,,,4991.5
98100,4988,29,,,,,4995,29,,,,,4991.5
98200,4989,1,4988.0,25.0,,,4995,26,,,,,4992.0
98300,4992,2,4989.0,2.0,4988.0,29.0,4995,29,,,,,4993.5
98400,4987,30,,,,,4992,7,4994.0,30.0,,,4989.5
98500,4987,31,,,,,4994,31,,,,,4990.5
98600,4987,28,,,,,4994,28,,,,,4990.5
98700,4987,29,,,,,4994,29,,,,,4990.5
98800,4993,1,4988.0,1.0,4987.0,23.0,4994,24,,,,,4993.5
98900,4987,26,,,,,4994,26,,,,,4990.5
99000,4987,25,,,,,4992,4,4994.0,26.0,,,4989.5
99100,4988,6,4987.0,25.0,,,4994,25,,,,,4991.0
99200,4988,5,4987.0,22.0,,,4994,22,,,,,4991.0
99300,4993,1,4987.0,27.0,,,4994,27,,,,,4993.5
99400,4988,26,,,,,4995,26,,,,,4991.5
99500,4988,24,,,,,4995,24,,,,,4991.5
99600,4989,4,4988.0,28.0,,,4995,28,,,,,4992.0
99700,4987,30,,,,,4994,30,,,,,4990.5
99800,4988,28,,,,,4994,1,4995.0,27.0,,,4991.0
99900,4987,28,,,,,4994,29,,,,,4990.5
100000,4987,24,,,,,4992,5,4994.0,24.0,,,4989.5
100100,4987,29,,,,,4994,29,,,,,4990.5
100200,4986,23,,,,,4991,1,4992.0,1.0,4993.0,22.0,4988.5
100300,4986,1,4985.0,30.0,,,4992,31,,,,,4989.0
100400,4986,30,,,,,4993,30,,,,,4989.5
100500,4986,22,,,,,4993,22,,,,,4989.5
100600,4986,29,,,,,4991,1,4992.0,1.0,4993.0,28.0,4988.5
100700,4986,31,,,,,4993,31,,,,,4989.5
100800,4987,7,4986.0,28.0,,,4993,28,,,,,4990.0
100900,4987,27,,,,,4988,8,4994.0,27.0,,,4987.5
101000,4988,1,4987.0,30.0,,,4994,30,,,,,4991.0
101100,4987,5,4986.0,21.0,,,4993,22,,,,,4990.0
101200,4986,26,,,,,4987,1,4993.0,26.0,,,4986.5
101300,4987,1,4986.0,26.0,,,4993,27,,,,,4990.0
101400,4986,22,,,,,4991,5,4993.0,22.0,,,4988.5
101500,4989,5,4987.0,2.0,4986.0,20.0,4993,22,,,,,4991.0
101600,4986,27,,,,,4987,1,4988.0,5.0,4993.0,27.0,4986.5
101700,4985,27,,,,,4992,27,,,,,4988.5
101800,4985,26,,,,,4992,26,,,,,4988.5
101900,4985,23,,,,,4990,6,4991.0,2.0,4992.0,21.0,4987.5
102000,4985,1,4984.0,29.0,,,4991,30,,,,,4988.0
102100,4984,24,,,,,4991,24,,,,,4987.5
102200,4984,30,,,,,4989,7,4991.0,30.0,,,4986.5
102300,4988,4,4985.0,25.0,,,4991,1,4992.0,24.0,,,4989.5
102400,4984,23,,,,,4991,23,,,,,4987.5
102500,4985,2,4984.0,27.0,,,4991,29,,,,,4988.0
102600,4985,25,,,,,4991,2,4992.0,23.0,,,4988.0
102700,4985,21,,,,,4992,21,,,,,4988.5
102800,4984,28,,,,,4991,28,,,,,4987.5
102900,4988,4,4984.0,4.0,4983.0,28.0,4990,28,,,,,4989.0
103000,4984,1,4983.0,30.0,,,4988,4,4990.0,31.0,,,4986.0
103100,4989,1,4984.0,27.0,,,4990,1,4991.0,26.0,,,4989.5
103200,4985,6,4984.0,27.0,,,4991,27,,,,,4988.0
103300,4984,9,4983.0,25.0,,,4990,26,,,,,4987.0
103400,4984,31,,,,,4987,5,4991.0,32.0,,,4985.5
103500,4985,9,4984.0,27.0,,,4991,28,,,,,4988.0
103600,4985,2,4984.0,25.0,,,4991,27,,,,,4988.0
103700,4985,1,4984.0,24.0,,,4991,25,,,,,4988.0
103800,4984,26,,,,,4989,7,4991.0,26.0,,,4986.5
103900,4984,24,,,,,4991,24,,,,,4987.5
104000,4989,1,4983.0,27.0,,,4990,27,,,,,4989.5
104100,4984,1,4983.0,27.0,,,4990,28,,,,,4987.0
104200,4984,23,,,,,4989,7,4990.0,1.0,4991.0,23.0,4986.5
104300,4984,21,,,,,4991,22,,,,,4987.5
104400,4985,1,4984.0,28.0,,,4991,29,,,,,4988.0
104500,4984,26,,,,,4991,26,,,,,4987.5
104600,4985,3,4984.0,25.0,,,4991,27,,,,,4988.0
104700,4986,1,4985.0,31.0,,,4991,1,4992.0,30.0,,,4988.5
104800,4986,6,4985.0,28.0,,,4992,28,,,,,4989.0
104900,4985,26,,,,,4990,4,4991.0,2.0,4992.0,24.0,4987.5
105000,4985,21,,,,,4992,21,,,,,4988.5
105100,4986,10,4985.0,30.0,,,4992,32,,,,,4989.0
105200,4990,7,4985.0,26.0,,,4992,26,,,,,4991.0
105300,4991,1,4985.0,27.0,,,4992,27,,,,,4991.5
105400,4986,6,4985.0,24.0,,,4992,24,,,,,4989.0
105500,4986,28,,,,,4991,2,4993.0,28.0,,,4988.5
105600,4992,1,4986.0,30.0,,,4993,30,,,,,4992.5
105700,4991,1,4986.0,29.0,,,4993,29,,,,,4992.0
105800,4991,7,4986.0,28.0,,,4992,2,4993.0,26.0,,,4991.5
105900,4985,24,,,,,4992,24,,,,,4988.5
106000,4984,22,,,,,4986,4,4991.0,22.0,,,4985.0
106100,4985,2,4984.0,22.0,,,4989,7,4991.0,24.0,,,4987.0
106200,4985,2,4984.0,21.0,,,4991,23,,,,,4988.0
106300,4985,4,4984.0,28.0,,,4987,4,4991.0,28.0,,,4986.0
106400,4984,1,4983.0,22.0,,,4986,6,4988.0,8.0,4990.0,23.0,4985.0
106500,4983,20,,,,,4988,4,4990.0,20.0,,,4985.5
106600,4983,30,,,,,4988,6,4990.0,30.0,,,4985.5
106700,4983,2,4982.0,28.0,,,4989,30,,,,,4986.0
106800,4984,2,4983.0,31.0,,,4989,1,4990.0,30.0,,,4986.5
106900,4983,29,,,,,4990,29,,,,,4986.5
107000,4983,26,,,,,4984,2,4989.0,1.0,4990.0,25.0,4983.5
107100,4983,22,,,,,4990,22,,,,,4986.5
107200,4983,25,,,,,4988,2,4989.0,1.0,4990.0,24.0,4985.5
107300,4983,25,,,,,4990,25,,,,,4986.5
107400,4984,6,4983.0,25.0,,,4990,25,,,,,4987.0
107500,4983,25,,,,,4990,25,,,,,4986.5
107600,4983,31,,,,,4988,4,4990.0,31.0,,,4985.5
107700,4983,24,,,,,4990,24,,,,,4986.5
107800,4983,22,,,,,4990,22,,,,,4986.5
107900,4983,29,,,,,4989,1,4990.0,28.0,,,4986.0
108000,4982,27,,,,,4989,27,,,,,4985.5
108100,4982,25,,,,,4989,25,,,,,4985.5
108200,4982,31,,,,,4987,1,4988.0,2.0,4989.0,29.0,4984.5
108300,4982,21,,,,,4989,21,,,,,4985.5
108400,4987,1,4982.0,26.0,,,4989,26,,,,,4988.0
108500,4982,25,,,,,4983,1,4989.0,25.0,,,4982.5
108600,4982,27,,,,,4989,27,,,,,4985.5
108700,4982,23,,,,,4989,23,,,,,4985.5
108800,4982,20,,,,,4989,20,,,,,4985.5
108900,4982,31,,,,,4989,31,,,,,4985.5
109000,4983,4,4982.0,20.0,,,4989,20,,,,,4986.0
109100,4983,27,,,,,4988,5,4989.0,1.0,4990.0,27.0,4985.5
109200,4982,27,,,,,4989,27,,,,,4985.5
109300,4983,1,4982.0,21.0,,,4989,21,,,,,4986.0
109400,4982,21,,,,,4989,21,,,,,4985.5
109500,4983,5,4982.0,28.0,,,4989,30,,,,,4986.0
109600,4983,29,,,,,4990,29,,,,,4986.5
109700,4983,27,,,,,4984,1,4990.0,27.0,,,4983.5
109800,4983,24,,,,,4989,2,4990.0,22.0,,,4986.0
109900,4983,27,,,,,4990,27,,,,,4986.5
110000,4982,22,,,,,4989,22,,,,,4985.5
110100,4982,23,,,,,4989,24,,,,,4985.5
110200,4983,20,,,,,4988,3,4990.0,20.0,,,4985.5
110300,4983,22,,,,,4989,2,4990.0,20.0,,,4986.0
110400,4983,30,,,,,4984,7,4990.0,30.0,,,4983.5
110500,4983,21,,,,,4990,21,,,,,4986.5
110600,4988,1,4982.0,28.0,,,4989,28,,,,,4988.5
110700,4986,3,4982.0,26.0,,,4989,26,,,,,4987.5
110800,4981,30,,,,,4988,30,,,,,4984.5
110900,4981,24,,,,,4988,24,,,,,4984.5
111000,4987,1,4981.0,24.0,,,4988,24,,,,,4987.5
111100,4982,2,4981.0,25.0,,,4988,27,,,,,4985.0
111200,4982,22,,,,,4987,1,4989.0,22.0,,,4984.5
111300,4983,1,4982.0,30.0,,,4988,1,4989.0,29.0,,,4985.5
111400,4982,24,,,,,4989,24,,,,,4985.5
111500,4987,1,4983.0,6.0,4982.0,22.0,4989,22,,,,,4988.0
111600,4983,7,4982.0,32.0,,,4989,32,,,,,4986.0
111700,4982,2,4981.0,22.0,,,4988,22,,,,,4985.0
111800,4982,6,4981.0,22.0,,,4988,22,,,,,4985.0
111900,4981,22,,,,,4988,22,,,,,4984.5
112000,4981,26,,,,,4985,4,4987.0,26.0,,,4983.0
112100,4981,22,,,,,4987,2,4988.0,20.0,,,4984.0
112200,4986,1,4981.0,28.0,,,4988,28,,,,,4987.0
112300,4981,5,4980.0,26.0,,,4987,26,,,,,4984.0
112400,4980,29,,,,,4987,29,,,,,4983.5
112500,4980,23,,,,,4987,23,,,,,4983.5
112600,4980,30,,,,,4987,30,,,,,4983.5
112700,4980,1,4979.0,28.0,,,4986,29,,,,,4983.0
112800,4981,7,4980.0,22.0,,,4987,22,,,,,4984.0
112900,4980,2,4979.0,20.0,,,4986,22,,,,,4983.0
113000,4980,27,,,,,4985,4,4986.0,1.0,4987.0,26.0,4982.5
113100,4980,21,,,,,4987,21,,,,,4983.5
113200,4981,7,4980.0,31.0,,,4986,2,4987.0,29.0,,,4983.5
113300,4980,22,,,,,4981,5,4986.0,2.0,4987.0,20.0,4980.5
113400,4980,1,4979.0,20.0,,,4986,21,,,,,4983.0
113500,4979,21,,,,,4986,21,,,,,4982.5
113600,4979,1,4978.0,24.0,,,4985,25,,,,,4982.0
113700,4979,6,4978.0,21.0,,,4985,21,,,,,4982.0
113800,4979,24,,,,,4985,24,,,,,4982.0
113900,4979,29,,,,,4985,1,4986.0,28.0,,,4982.0
114000,4979,2,4978.0,28.0,,,4985,30,,,,,4982.0
114100,4984,1,4979.0,3.0,4978.0,32.0,4985,32,,,,,4984.5
114200,4978,25,,,,,4985,25,,,,,4981.5
114300,4979,1,4978.0,29.0,,,4985,29,,,,,4982.0
114400,4978,28,,,,,4985,28,,,,,4981.5
114500,4979,2,4978.0,29.0,,,4985,30,,,,,4982.0
114600,4979,1,4978.0,25.0,,,4985,26,,,,,4982.0
114700,4980,6,4979.0,28.0,,,4986,28,,,,,4983.0
114800,4980,26,,,,,4986,2,4987.0,24.0,,,4983.0
114900,4979,21,,,,,4986,21,,,,,4982.5
115000,4981,6,4980.0,26.0,,,4986,1,4987.0,25.0,,,4983.5
115100,4985,1,4981.0,8.0,4980.0,25.0,4987,25,,,,,4986.0
115200,4980,21,,,,,4987,21,,,,,4983.5
115300,4981,5,4980.0,28.0,,,4987,28,,,,,4984.0
115400,4980,24,,,,,4987,24,,,,,4983.5
115500,4980,26,,,,,4986,2,4987.0,24.0,,,4983.0
115600,4980,6,4979.0,27.0,,,4986,29,,,,,4983.0
115700,4984,1,4979.0,25.0,,,4986,25,,,,,4985.0
115800,4980,2,4979.0,24.0,,,4985,2,4986.0,22.0,,,4982.5
115900,4979,30,,,,,4985,2,4986.0,28.0,,,4982.0
116000,4979,24,,,,,4986,25,,,,,4982.5
116100,4979,24,,,,,4985,2,4986.0,22.0,,,4982.0
116200,4979,27,,,,,4984,3,4986.0,27.0,,,4981.5
116300,4979,29,,,,,4986,29,,,,,4982.5
116400,4978,24,,,,,4985,24,,,,,4981.5
116500,4979,5,4978.0,29.0,,,4984,2,4985.0,27.0,,,4981.5
116600,4978,23,,,,,4984,2,4985.0,21.0,,,4981.0
116700,4978,26,,,,,4985,26,,,,,4981.5
116800,4979,6,4978.0,30.0,,,4985,30,,,,,4982.0
116900,4979,1,4978.0,26.0,,,4983,2,4985.0,27.0,,,4981.0
117000,4979,1,4978.0,30.0,,,4985,31,,,,,4982.0
117100,4979,26,,,,,4985,2,4986.0,24.0,,,4982.0
117200,4978,22,,,,,4985,22,,,,,4981.5
117300,4978,22,,,,,4983,2,4985.0,22.0,,,4980.5
117400,4977,27,,,,,4984,27,,,,,4980.5
117500,4978,26,,,,,4979,2,4983.0,1.0,4985.0,26.0,4978.5
117600,4979,1,4978.0,30.0,,,4985,31,,,,,4982.0
117700,4978,30,,,,,4985,30,,,,,4981.5
117800,4979,3,4978.0,31.0,,,4984,2,4985.0,29.0,,,4981.5
117900,4978,2,4977.0,24.0,,,4984,24,,,,,4981.0
118000,4976,28,,,,,4981,5,4983.0,28.0,,,4978.5
118100,4976,25,,,,,4983,25,,,,,4979.5
118200,4976,21,,,,,4977,1,4983.0,21.0,,,4976.5
118300,4975,26,,,,,4982,27,,,,,4978.5
118400,4975,30,,,,,4982,30,,,,,4978.5
118500,4975,25,,,,,4982,26,,,,,4978.5
118600,4976,7,4975.0,31.0,,,4982,31,,,,,4979.0
118700,4975,27,,,,,4976,10,4982.0,27.0,,,4975.5
118800,4975,31,,,,,4982,31,,,,,4978.5
118900,4976,5,4975.0,25.0,,,4982,25,,,,,4979.0
119000,4975,21,,,,,4982,21,,,,,4978.5
119100,4979,2,4974.0,26.0,,,4981,26,,,,,4980.0
119200,4974,26,,,,,4981,26,,,,,4977.5
119300,4974,25,,,,,4981,25,,,,,4977.5
119400,4975,7,4974.0,24.0,,,4981,24,,,,,4978.0
119500,4974,1,4973.0,25.0,,,4980,26,,,,,4977.0
119600,4974,28,,,,,4980,2,4981.0,27.0,,,4977.0
119700,4974,9,4973.0,25.0,,,4980,26,,,,,4977.0
119800,4976,4,4973.0,26.0,,,4978,7,4980.0,26.0,,,4977.0
119900,4974,27,,,,,4979,6,4981.0,28.0,,,4976.5
120000,4973,25,,,,,4980,25,,,,,4976.5
120100,4973,22,,,,,4980,22,,,,,4976.5
120200,4973,24,,,,,4980,24,,,,,4976.5
120300,4973,8,4972.0,29.0,,,4979,31,,,,,4976.0
120400,4973,8,4972.0,25.0,,,4974,2,4979.0,25.0,,,4973.5
120500,4972,23,,,,,4974,3,4979.0,23.0,,,4973.0
120600,4973,4,4972.0,22.0,,,4979,22,,,,,4976.0
120700,4972,28,,,,,4979,28,,,,,4975.5
120800,4972,23,,,,,4979,23,,,,,4975.5
120900,4972,23,,,,,4977,4,4979.0,23.0,,,4974.5
121000,4973,24,,,,,4979,2,4980.0,22.0,,,4976.0
121100,4974,1,4973.0,25.0,,,4980,27,,,,,4977.0
121200,4974,2,4973.0,27.0,,,4980,28,,,,,4977.0
121300,4975,8,4974.0,22.0,,,4981,22,,,,,4978.0
121400,4974,27,,,,,4979,4,4981.0,27.0,,,4976.5
121500,4974,29,,,,,4979,4,4981.0,29.0,,,4976.5
121600,4975,1,4974.0,21.0,,,4979,2,4981.0,22.0,,,4977.0
121700,4975,5,4974.0,27.0,,,4981,27,,,,,4978.0
121800,4974,31,,,,,4980,1,4981.0,30.0,,,4977.0
121900,4979,1,4974.0,28.0,,,4980,1,4981.0,27.0,,,4979.5
122000,4974,27,,,,,4979,1,4981.0,27.0,,,4976.5
122100,4974,25,,,,,4981,25,,,,,4977.5
122200,4974,27,,,,,4980,2,4981.0,25.0,,,4977.0
122300,4974,3,4973.0,23.0,,,4980,23,,,,,4977.0
122400,4973,26,,,,,4980,26,,,,,4976.5
122500,4973,27,,,,,4980,27,,,,,4976.5
122600,4979,1,4974.0,1.0,4973.0,28.0,4980,29,,,,,4979.5
122700,4973,25,,,,,4980,25,,,,,4976.5
122800,4973,29,,,,,4978,6,4980.0,29.0,,,4975.5
122900,4978,1,4973.0,32.0,,,4980,32,,,,,4979.0
123000,4973,26,,,,,4980,26,,,,,4976.5
123100,4974,8,4973.0,26.0,,,4980,26,,,,,4977.0
123200,4973,23,,,,,4974,4,4978.0,1.0,4980.0,23.0,4973.5
123300,4973,29,,,,,4980,29,,,,,4976.5
123400,4974,6,4973.0,22.0,,,4980,22,,,,,4977.0
123500,4973,31,,,,,4980,31,,,,,4976.5
123600,4973,21,,,,,4979,1,4980.0,20.0,,,4976.0
123700,4972,23,,,,,4979,23,,,,,4975.5
123800,4977,1,4972.0,24.0,,,4978,1,4979.0,23.0,,,4977.5
123900,4972,26,,,,,4979,26,,,,,4975.5
124000,4977,1,4972.0,20.0,,,4979,20,,,,,4978.0
124100,4971,27,,,,,4973,3,4978.0,27.0,,,4972.0
124200,4972,5,4971.0,23.0,,,4978,24,,,,,4975.0
124300,4973,3,4972.0,20.0,,,4979,20,,,,,4976.0
124400,4971,27,,,,,4978,27,,,,,4974.5
124500,4971,21,,,,,4972,3,4975.0,4.0,4977.0,21.0,4971.5
124600,4975,2,4971.0,21.0,,,4976,1,4978.0,21.0,,,4975.5
124700,4970,22,,,,,4975,5,4977.0,22.0,,,4972.5
124800,4970,25,,,,,4976,2,4977.0,23.0,,,4973.0
124900,4970,1,4969.0,30.0,,,4976,31,,,,,4973.0
125000,4970,1,4969.0,25.0,,,4976,26,,,,,4973.0
125100,4969,27,,,,,4976,27,,,,,4972.5
125200,4970,1,4969.0,26.0,,,4976,27,,,,,4973.0
125300,4969,28,,,,,4976,28,,,,,4972.5
125400,4969,22,,,,,4976,22,,,,,4972.5
125500,4970,24,,,,,4976,2,4977.0,22.0,,,4973.0
125600,4970,7,4969.0,30.0,,,4976,30,,,,,4973.0
125700,4969,28,,,,,4975,2,4976.0,26.0,,,4972.0
125800,4969,28,,,,,4975,1,4976.0,27.0,,,4972.0
125900,4969,3,4968.0,28.0,,,4971,6,4975.0,30.0,,,4970.0
126000,4969,22,,,,,4976,22,,,,,4972.5
126100,4970,7,4969.0,29.0,,,4976,29,,,,,4973.0
126200,4969,24,,,,,4976,24,,,,,4972.5
126300,4968,29,,,,,4975,29,,,,,4971.5
126400,4969,6,4968.0,27.0,,,4975,27,,,,,4972.0
126500,4969,27,,,,,4976,27,,,,,4972.5
126600,4969,22,,,,,4975,1,4976.0,21.0,,,4972.0
126700,4969,23,,,,,4976,23,,,,,4972.5
126800,4969,26,,,,,4974,7,4976.0,26.0,,,4971.5
126900,4970,1,4969.0,24.0,,,4974,8,4976.0,25.0,,,4972.0
127000,4970,26,,,,,4977,26,,,,,4973.5
127100,4970,27,,,,,4977,27,,,,,4973.5
127200,4970,26,,,,,4976,2,4977.0,24.0,,,4973.0
127300,4970,28,,,,,4977,28,,,,,4973.5
127400,4969,27,,,,,4974,7,4976.0,27.0,,,4971.5
127500,4969,30,,,,,4974,6,4975.0,2.0,4976.0,29.0,4971.5
127600,4968,27,,,,,4975,27,,,,,4971.5
127700,4969,6,4968.0,20.0,,,4975,20,,,,,4972.0
127800,4969,1,4968.0,27.0,,,4975,28,,,,,4972.0
127900,4969,29,,,,,4975,2,4976.0,27.0,,,4972.0
128000,4974,1,4969.0,2.0,4968.0,20.0,4975,22,,,,,4974.5
128100,4969,30,,,,,4976,30,,,,,4972.5
128200,4968,22,,,,,4975,22,,,,,4971.5
128300,4973,1,4968.0,25.0,,,4975,25,,,,,4974.0
128400,4968,23,,,,,4969,2,4973.0,8.0,4974.0,1.0,4968.5
128500,4968,23,,,,,4975,23,,,,,4971.5
128600,4969,2,4968.0,20.0,,,4975,22,,,,,4972.0
128700,4969,26,,,,,4976,26,,,,,4972.5
128800,4969,21,,,,,4976,21,,,,,4972.5
128900,4975,1,4974.0,4.0,4969.0,25.0,4976,25,,,,,4975.5
129000,4970,23,,,,,4977,23,,,,,4973.5
129100,4970,1,4969.0,26.0,,,4974,8,4976.0,27.0,,,4972.0
129200,4969,26,,,,,4974,7,4976.0,26.0,,,4971.5
129300,4970,5,4969.0,23.0,,,4976,23,,,,,4973.0
129400,4969,25,,,,,4976,25,,,,,4972.5
129500,4969,20,,,,,4974,6,4976.0,20.0,,,4971.5
129600,4970,1,4969.0,29.0,,,4976,31,,,,,4973.0
129700,4970,23,,,,,4973,3,4976.0,23.0,,,4971.5
129800,4971,2,4970.0,28.0,,,4976,1,4977.0,27.0,,,4973.5
129900,4970,30,,,,,4977,30,,,,,4973.5
130000,4970,29,,,,,4977,29,,,,,4973.5
130100,4976,1,4970.0,22.0,,,4977,22,,,,,4976.5
130200,4970,23,,,,,4971,3,4975.0,3.0,4976.0,2.0,4970.5
130300,4970,26,,,,,4976,1,4977.0,25.0,,,4973.0
130400,4969,27,,,,,4976,28,,,,,4972.5
130500,4969,21,,,,,4974,8,4976.0,21.0,,,4971.5
130600,4969,21,,,,,4974,2,4975.0,21.0,,,4971.5
130700,4975,1,4970.0,6.0,4969.0,22.0,4976,22,,,,,4975.5
130800,4969,23,,,,,4975,23,,,,,4972.0
130900,4969,32,,,,,4970,7,4975.0,2.0,4976.0,30.0,4969.5
131000,4968,26,,,,,4973,6,4975.0,26.0,,,4970.5
131100,4968,22,,,,,4975,22,,,,,4971.5
131200,4969,30,,,,,4976,30,,,,,4972.5
131300,4969,1,4968.0,20.0,,,4975,21,,,,,4972.0
131400,4974,7,4969.0,21.0,,,4976,21,,,,,4975.0
131500,4969,26,,,,,4975,26,,,,,4972.0
131600,4974,1,4968.0,30.0,,,4975,30,,,,,4974.5
131700,4968,1,4967.0,29.0,,,4972,8,4974.0,30.0,,,4970.0
131800,4968,27,,,,,4969,4,4974.0,1.0,4975.0,27.0,4968.5
131900,4969,1,4968.0,27.0,,,4975,27,,,,,4972.0
132000,4969,6,4968.0,28.0,,,4975,28,,,,,4972.0
132100,4968,24,,,,,4975,24,,,,,4971.5
132200,4968,2,4967.0,27.0,,,4974,29,,,,,4971.0
132300,4968,24,,,,,4975,24,,,,,4971.5
132400,4969,23,,,,,4975,1,4976.0,22.0,,,4972.0
132500,4968,30,,,,,4973,5,4975.0,30.0,,,4970.5
132600,4968,29,,,,,4975,29,,,,,4971.5
132700,4967,23,,,,,4972,2,4974.0,23.0,,,4969.5
132800,4968,2,4967.0,23.0,,,4974,25,,,,,4971.0
132900,4968,32,,,,,4975,32,,,,,4971.5
133000,4969,23,,,,,4976,23,,,,,4972.5
133100,4969,24,,,,,4975,1,4976.0,23.0,,,4972.0
133200,4969,1,4968.0,27.0,,,4975,28,,,,,4972.0
133300,4968,32,,,,,4974,2,4975.0,30.0,,,4971.0
133400,4968,29,,,,,4975,30,,,,,4971.5
133500,4968,30,,,,,4973,1,4974.0,2.0,4975.0,28.0,4970.5
133600,4968,2,4967.0,21.0,,,4974,23,,,,,4971.0
133700,4967,28,,,,,4968,1,4974.0,28.0,,,4967.5
133800,4967,23,,,,,4974,23,,,,,4970.5
133900,4968,2,4967.0,22.0,,,4974,24,,,,,4971.0
134000,4969,8,4968.0,24.0,,,4971,2,4975.0,24.0,,,4970.0
134100,4968,24,,,,,4975,24,,,,,4971.5
134200,4968,29,,,,,4975,29,,,,,4971.5
134300,4968,32,,,,,4974,32,,,,,4971.0
134400,4967,25,,,,,4974,25,,,,,4970.5
134500,4968,6,4967.0,24.0,,,4974,24,,,,,4971.0
134600,4970,5,4967.0,23.0,,,4974,23,,,,,4972.0
134700,4967,21,,,,,4972,7,4974.0,21.0,,,4969.5
134800,4968,2,4967.0,30.0,,,4974,32,,,,,4971.0
134900,4968,2,4967.0,21.0,,,4972,5,4974.0,23.0,,,4970.0
135000,4968,9,4967.0,22.0,,,4974,23,,,,,4971.0
135100,4972,8,4967.0,22.0,,,4973,2,4974.0,20.0,,,4972.5
135200,4967,21,,,,,4973,1,4974.0,20.0,,,4970.0
135300,4966,20,,,,,4973,20,,,,,4969.5
135400,4967,30,,,,,4974,30,,,,,4970.5
135500,4967,30,,,,,4972,3,4974.0,30.0,,,4969.5
135600,4967,21,,,,,4972,1,4974.0,21.0,,,4969.5
135700,4967,26,,,,,4974,26,,,,,4970.5
135800,4968,3,4967.0,24.0,,,4970,3,4974.0,24.0,,,4969.0
135900,4968,27,,,,,4974,27,,,,,4971.0
136000,4968,5,4967.0,30.0,,,4974,31,,,,,4971.0
136100,4968,29,,,,,4975,29,,,,,4971.5
136200,4968,1,4967.0,28.0,,,4972,2,4974.0,29.0,,,4970.0
136300,4969,1,4968.0,32.0,,,4974,2,4975.0,30.0,,,4971.5
136400,4968,30,,,,,4975,30,,,,,4971.5
136500,4968,26,,,,,4969,1,4974.0,2.0,4975.0,24.0,4968.5
136600,4967,25,,,,,4974,25,,,,,4970.5
136700,4967,24,,,,,4974,24,,,,,4970.5
136800,4968,8,4967.0,26.0,,,4974,28,,,,,4971.0
136900,4968,23,,,,,4975,23,,,,,4971.5
137000,4968,1,4967.0,28.0,,,4974,29,,,,,4971.0
137100,4968,24,,,,,4975,24,,,,,4971.5
137200,4970,1,4969.0,23.0,,,4976,23,,,,,4973.0
137300,4969,1,4968.0,27.0,,,4973,5,4975.0,28.0,,,4971.0
137400,4969,29,,,,,4975,29,,,,,4972.0
137500,4969,1,4968.0,29.0,,,4973,7,4975.0,30.0,,,4971.0
137600,4968,22,,,,,4974,1,4975.0,21.0,,,4971.0
137700,4968,1,4967.0,27.0,,,4969,3,4974.0,28.0,,,4968.5
137800,4968,23,,,,,4974,1,4975.0,22.0,,,4971.0
137900,4967,29,,,,,4974,29,,,,,4970.5
138000,4967,30,,,,,4974,30,,,,,4970.5
138100,4967,31,,,,,4974,31,,,,,4970.5
138200,4967,24,,,,,4974,24,,,,,4970.5
138300,4967,30,,,,,4974,30,,,,,4970.5
138400,4967,26,,,,,4972,4,4973.0,2.0,4974.0,24.0,4969.5
138500,4967,1,4966.0,22.0,,,4973,24,,,,,4970.0
138600,4966,30,,,,,4969,2,4973.0,31.0,,,4967.5
138700,4967,2,4966.0,23.0,,,4973,25,,,,,4970.0
138800,4967,2,4966.0,29.0,,,4973,31,,,,,4970.0
138900,4967,22,,,,,4974,22,,,,,4970.5
139000,4967,31,,,,,4968,1,4974.0,31.0,,,4967.5
139100,4967,2,4966.0,22.0,,,4973,24,,,,,4970.0
139200,4967,3,4966.0,26.0,,,4973,26,,,,,4970.0
139300,4966,22,,,,,4973,22,,,,,4969.5
139400,4967,6,4966.0,24.0,,,4973,25,,,,,4970.0
139500,4966,21,,,,,4973,21,,,,,4969.5
139600,4967,6,4966.0,25.0,,,4973,25,,,,,4970.0
139700,4966,26,,,,,4967,4,4971.0,4.0,4973.0,27.0,4966.5
139800,4971,1,4966.0,27.0,,,4972,1,4973.0,26.0,,,4971.5
139900,4965,23,,,,,4970,1,4972.0,23.0,,,4967.5
140000,4965,24,,,,,4972,24,,,,,4968.5
140100,4965,27,,,,,4966,1,4972.0,27.0,,,4965.5
140200,4966,30,,,,,4972,2,4973.0,28.0,,,4969.0
140300,4966,2,4965.0,26.0,,,4972,28,,,,,4969.0
140400,4966,26,,,,,4973,27,,,,,4969.5
140500,4965,27,,,,,4972,27,,,,,4968.5
140600,4966,1,4965.0,27.0,,,4968,3,4972.0,29.0,,,4967.0
140700,4966,22,,,,,4972,1,4973.0,21.0,,,4969.0
140800,4966,26,,,,,4973,26,,,,,4969.5
140900,4965,28,,,,,4972,28,,,,,4968.5
141000,4967,5,4966.0,22.0,,,4972,2,4973.0,20.0,,,4969.5
141100,4965,3,4964.0,28.0,,,4971,28,,,,,4968.0
141200,4964,24,,,,,4969,2,4971.0,24.0,,,4966.5
141300,4964,22,,,,,4971,22,,,,,4967.5
141400,4964,28,,,,,4971,28,,,,,4967.5
141500,4963,27,,,,,4970,27,,,,,4966.5
141600,4963,31,,,,,4970,31,,,,,4966.5
141700,4963,22,,,,,4970,22,,,,,4966.5
141800,4963,26,,,,,4970,26,,,,,4966.5
141900,4963,22,,,,,4970,22,,,,,4966.5
142000,4969,1,4964.0,26.0,,,4971,26,,,,,4970.0
142100,4964,31,,,,,4971,31,,,,,4967.5
142200,4964,24,,,,,4970,2,4971.0,22.0,,,4967.0
142300,4968,1,4963.0,25.0,,,4969,2,4970.0,23.0,,,4968.5
142400,4964,2,4963.0,29.0,,,4970,31,,,,,4967.0
142500,4968,5,4963.0,23.0,,,4970,23,,,,,4969.0
142600,4962,28,,,,,4969,29,,,,,4965.5
142700,4963,1,4962.0,28.0,,,4967,4,4969.0,29.0,,,4965.0
142800,4968,1,4963.0,23.0,,,4970,23,,,,,4969.0
142900,4963,27,,,,,4970,27,,,,,4966.5
143000,4962,25,,,,,4969,25,,,,,4965.5
143100,4964,7,4963.0,30.0,,,4970,30,,,,,4967.0
143200,4964,2,4963.0,30.0,,,4968,6,4970.0,32.0,,,4966.0
143300,4964,1,4963.0,26.0,,,4968,7,4970.0,27.0,,,4966.0
143400,4964,28,,,,,4970,2,4971.0,26.0,,,4967.0
143500,4964,8,4963.0,26.0,,,4970,26,,,,,4967.0
143600,4963,22,,,,,4970,22,,,,,4966.5
143700,4963,26,,,,,4969,1,4970.0,25.0,,,4966.0
143800,4965,4,4964.0,30.0,,,4970,30,,,,,4967.5
143900,4963,25,,,,,4968,2,4970.0,25.0,,,4965.5
144000,4968,1,4963.0,22.0,,,4970,22,,,,,4969.0
144100,4962,22,,,,,4967,3,4969.0,22.0,,,4964.5
144200,4962,23,,,,,4967,4,4969.0,23.0,,,4964.5
144300,4962,28,,,,,4967,2,4969.0,28.0,,,4964.5
144400,4962,30,,,,,4969,30,,,,,4965.5
144500,4962,26,,,,,4969,26,,,,,4965.5
144600,4963,24,,,,,4969,1,4970.0,23.0,,,4966.0
144700,4963,22,,,,,4969,2,4970.0,20.0,,,4966.0
144800,4963,24,,,,,4970,24,,,,,4966.5
144900,4964,2,4963.0,28.0,,,4970,30,,,,,4967.0
145000,4964,25,,,,,4971,25,,,,,4967.5
145100,4963,26,,,,,4964,10,4970.0,26.0,,,4963.5
145200,4968,1,4963.0,25.0,,,4969,1,4970.0,24.0,,,4968.5
145300,4963,25,,,,,4970,25,,,,,4966.5
145400,4963,24,,,,,4969,24,,,,,4966.0
145500,4963,28,,,,,4968,6,4970.0,28.0,,,4965.5
145600,4963,26,,,,,4968,3,4969.0,2.0,4970.0,25.0,4965.5
145700,4962,22,,,,,4967,4,4968.0,2.0,4969.0,20.0,4964.5
145800,4962,27,,,,,4969,27,,,,,4965.5
145900,4962,24,,,,,4969,24,,,,,4965.5
146000,4962,27,,,,,4969,27,,,,,4965.5
146100,4962,22,,,,,4967,8,4969.0,22.0,,,4964.5
146200,4962,24,,,,,4969,24,,,,,4965.5
146300,4963,29,,,,,4969,2,4970.0,27.0,,,4966.0
146400,4963,28,,,,,4970,28,,,,,4966.5
146500,4963,30,,,,,4968,3,4970.0,30.0,,,4965.5
146600,4965,4,4962.0,24.0,,,4969,24,,,,,4967.0
146700,4962,29,,,,,4968,2,4969.0,27.0,,,4965.0
146800,4962,26,,,,,4969,26,,,,,4965.5
146900,4963,23,,,,,4969,2,4970.0,22.0,,,4966.0
147000,4962,25,,,,,4969,25,,,,,4965.5
147100,4963,2,4962.0,27.0,,,4967,4,4969.0,29.0,,,4965.0
147200,4963,21,,,,,4969,21,,,,,4966.0
147300,4965,3,4963.0,2.0,4962.0,28.0,4969,30,,,,,4967.0
147400,4962,30,,,,,4969,30,,,,,4965.5
147500,4962,20,,,,,4969,20,,,,,4965.5
147600,4962,24,,,,,4969,25,,,,,4965.5
147700,4962,27,,,,,4969,27,,,,,4965.5
147800,4967,1,4962.0,29.0,,,4968,2,4969.0,27.0,,,4967.5
147900,4962,21,,,,,4968,1,4969.0,20.0,,,4965.0
148000,4962,2,4961.0,29.0,,,4968,31,,,,,4965.0
148100,4961,30,,,,,4968,30,,,,,4964.5
148200,4962,26,,,,,4967,3,4968.0,1.0,4969.0,26.0,4964.5
148300,4961,27,,,,,4968,27,,,,,4964.5
148400,4961,21,,,,,4968,21,,,,,4964.5
148500,4961,22,,,,,4966,4,4968.0,22.0,,,4963.5
148600,4962,21,,,,,4968,1,4969.0,20.0,,,4965.0
148700,4961,25,,,,,4968,26,,,,,4964.5
148800,4961,26,,,,,4968,26,,,,,4964.5
148900,4961,32,,,,,4968,32,,,,,4964.5
149000,4965,4,4961.0,31.0,,,4968,31,,,,,4966.5
149100,4964,2,4962.0,5.0,4961.0,25.0,4967,1,4968.0,24.0,,,4965.5
149200,4965,2,4961.0,5.0,4960.0,22.0,4967,24,,,,,4966.0
149300,4961,27,,,,,4967,27,,,,,4964.0
149400,4960,27,,,,,4965,7,4967.0,27.0,,,4962.5
149500,4965,1,4961.0,1.0,4960.0,31.0,4967,31,,,,,4966.0
149600,4961,2,4960.0,30.0,,,4967,30,,,,,4964.0
149700,4960,1,4959.0,28.0,,,4966,29,,,,,4963.0
149800,4965,1,4960.0,1.0,4959.0,20.0,4966,21,,,,,4965.5
149900,4959,30,,,,,4961,5,4966.0,30.0,,,4960.0
150000,4959,31,,,,,4964,3,4966.0,31.0,,,4961.5
150100,4964,4,4960.0,22.0,,,4966,22,,,,,4965.0
150200,4960,29,,,,,4966,2,4967.0,27.0,,,4963.0
150300,4959,24,,,,,4964,8,4966.0,24.0,,,4961.5
150400,4959,31,,,,,4960,1,4966.0,31.0,,,4959.5
150500,4959,29,,,,,4965,29,,,,,4962.0
150600,4958,23,,,,,4959,1,4965.0,23.0,,,4958.5
150700,4959,22,,,,,4964,1,4966.0,22.0,,,4961.5
150800,4960,1,4959.0,30.0,,,4966,30,,,,,4963.0
150900,4960,5,4959.0,22.0,,,4966,24,,,,,4963.0
151000,4959,27,,,,,4966,27,,,,,4962.5
151100,4965,1,4960.0,5.0,4959.0,25.0,4966,25,,,,,4965.5
151200,4959,24,,,,,4965,1,4966.0,23.0,,,4962.0
151300,4965,1,4960.0,8.0,4959.0,27.0,4966,27,,,,,4965.5
151400,4959,22,,,,,4966,22,,,,,4962.5
151500,4959,32,,,,,4960,1,4966.0,32.0,,,4959.5
151600,4965,1,4964.0,11.0,4959.0,20.0,4966,20,,,,,4965.5
151700,4960,30,,,,,4966,1,4967.0,29.0,,,4963.0
151800,4960,30,,,,,4966,1,4967.0,29.0,,,4963.0
151900,4960,27,,,,,4965,1,4967.0,27.0,,,4962.5
152000,4960,23,,,,,4967,23,,,,,4963.5
152100,4959,28,,,,,4966,28,,,,,4962.5
152200,4958,28,,,,,4960,5,4965.0,28.0,,,4959.0
152300,4959,27,,,,,4965,2,4966.0,25.0,,,4962.0
152400,4960,10,4959.0,22.0,,,4966,24,,,,,4963.0
152500,4960,32,,,,,4967,32,,,,,4963.5
152600,4961,26,,,,,4968,27,,,,,4964.5
152700,4962,4,4961.0,26.0,,,4968,26,,,,,4965.0
152800,4961,29,,,,,4966,4,4968.0,29.0,,,4963.5
152900,4963,5,4960.0,26.0,,,4967,26,,,,,4965.0
153000,4966,1,4960.0,30.0,,,4967,30,,,,,4966.5
153100,4961,21,,,,,4968,21,,,,,4964.5
153200,4961,22,,,,,4967,22,,,,,4964.0
153300,4961,24,,,,,4968,24,,,,,4964.5
153400,4961,6,4960.0,20.0,,,4967,20,,,,,4964.0
153500,4965,2,4962.0,7.0,4961.0,21.0,4968,21,,,,,4966.5
153600,4961,22,,,,,4967,22,,,,,4964.0
153700,4962,5,4961.0,21.0,,,4967,1,4968.0,20.0,,,4964.5
153800,4961,27,,,,,4968,27,,,,,4964.5
153900,4961,27,,,,,4968,27,,,,,4964.5
154000,4962,29,,,,,4967,3,4969.0,29.0,,,4964.5
154100,4962,20,,,,,4969,20,,,,,4965.5
154200,4962,29,,,,,4968,1,4969.0,28.0,,,4965.0
154300,4963,21,,,,,4969,1,4970.0,20.0,,,4966.0
154400,4962,29,,,,,4969,29,,,,,4965.5
154500,4962,25,,,,,4969,25,,,,,4965.5
154600,4963,1,4962.0,26.0,,,4969,27,,,,,4966.0
154700,4962,30,,,,,4969,30,,,,,4965.5
154800,4963,3,4962.0,29.0,,,4969,29,,,,,4966.0
154900,4962,28,,,,,4969,28,,,,,4965.5
155000,4962,22,,,,,4969,22,,,,,4965.5
155100,4962,28,,,,,4963,1,4969.0,28.0,,,4962.5
155200,4963,28,,,,,4970,28,,,,,4966.5
155300,4963,27,,,,,4969,27,,,,,4966.0
155400,4964,8,4963.0,23.0,,,4970,23,,,,,4967.0
155500,4963,29,,,,,4968,6,4969.0,1.0,4970.0,28.0,4965.5
155600,4964,2,4963.0,32.0,,,4969,2,4970.0,30.0,,,4966.5
155700,4963,22,,,,,4968,2,4970.0,22.0,,,4965.5
155800,4964,2,4963.0,28.0,,,4968,3,4970.0,30.0,,,4966.0
155900,4964,30,,,,,4969,3,4970.0,2.0,4971.0,28.0,4966.5
156000,4963,26,,,,,4970,26,,,,,4966.5
156100,4963,1,4962.0,27.0,,,4969,28,,,,,4966.0
156200,4963,2,4962.0,22.0,,,4969,24,,,,,4966.0
156300,4962,29,,,,,4964,3,4969.0,29.0,,,4963.0
156400,4963,5,4962.0,23.0,,,4969,23,,,,,4966.0
156500,4962,29,,,,,4969,29,,,,,4965.5
156600,4962,24,,,,,4963,1,4969.0,24.0,,,4962.5
156700,4963,4,4962.0,27.0,,,4969,27,,,,,4966.0
156800,4964,8,4963.0,24.0,,,4970,24,,,,,4967.0
156900,4963,24,,,,,4964,5,4969.0,1.0,4970.0,24.0,4963.5
157000,4963,21,,,,,4968,8,4969.0,1.0,4970.0,21.0,4965.5
157100,4964,2,4963.0,22.0,,,4970,24,,,,,4967.0
157200,4965,1,4964.0,22.0,,,4971,22,,,,,4968.0
157300,4963,22,,,,,4966,4,4970.0,22.0,,,4964.5
157400,4963,23,,,,,4964,7,4970.0,25.0,,,4963.5
157500,4964,25,,,,,4971,26,,,,,4967.5
157600,4965,24,,,,,4966,3,4971.0,1.0,4972.0,23.0,4965.5
157700,4970,1,4965.0,25.0,,,4972,25,,,,,4971.0
157800,4966,1,4965.0,22.0,,,4972,23,,,,,4969.0
157900,4966,7,4965.0,24.0,,,4972,24,,,,,4969.0
158000,4965,29,,,,,4972,29,,,,,4968.5
158100,4966,1,4965.0,21.0,,,4972,23,,,,,4969.0
158200,4965,26,,,,,4972,26,,,,,4968.5
158300,4965,31,,,,,4972,31,,,,,4968.5
158400,4970,1,4964.0,31.0,,,4971,31,,,,,4970.5
158500,4965,22,,,,,4971,1,4972.0,21.0,,,4968.0
158600,4965,27,,,,,4970,2,4972.0,27.0,,,4967.5
158700,4965,29,,,,,4970,5,4972.0,29.0,,,4967.5
158800,4969,4,4964.0,24.0,,,4971,24,,,,,4970.0
158900,4964,32,,,,,4970,2,4971.0,30.0,,,4967.0
159000,4965,27,,,,,4971,27,,,,,4968.0
159100,4965,6,4964.0,25.0,,,4971,26,,,,,4968.0
159200,4964,30,,,,,4971,30,,,,,4967.5
159300,4964,21,,,,,4965,1,4971.0,21.0,,,4964.5
159400,4968,6,4965.0,24.0,,,4971,1,4972.0,23.0,,,4969.5
159500,4964,26,,,,,4970,1,4971.0,25.0,,,4967.0
159600,4969,1,4964.0,1.0,4963.0,23.0,4970,24,,,,,4969.5
159700,4964,1,4963.0,29.0,,,4970,30,,,,,4967.0
159800,4963,20,,,,,4970,20,,,,,4966.5
159900,4964,25,,,,,4967,5,4970.0,1.0,4971.0,24.0,4965.5
160000,4964,2,4963.0,24.0,,,4970,26,,,,,4967.0
160100,4964,9,4963.0,24.0,,,4970,26,,,,,4967.0
160200,4964,1,4963.0,23.0,,,4968,5,4970.0,24.0,,,4966.0
160300,4964,3,4963.0,26.0,,,4970,26,,,,,4967.0
160400,4968,1,4963.0,23.0,,,4970,23,,,,,4969.0
160500,4963,24,,,,,4969,24,,,,,4966.0
160600,4963,22,,,,,4969,22,,,,,4966.0
160700,4963,2,4962.0,24.0,,,4969,24,,,,,4966.0
160800,4963,2,4962.0,27.0,,,4969,29,,,,,4966.0
160900,4965,3,4962.0,30.0,,,4969,30,,,,,4967.0
161000,4962,27,,,,,4963,8,4969.0,27.0,,,4962.5
161100,4962,28,,,,,4969,28,,,,,4965.5
161200,4963,1,4962.0,30.0,,,4969,31,,,,,4966.0
161300,4962,20,,,,,4969,20,,,,,4965.5
161400,4963,4,4962.0,26.0,,,4969,27,,,,,4966.0
161500,4962,22,,,,,4969,22,,,,,4965.5
161600,4962,22,,,,,4969,22,,,,,4965.5
161700,4967,7,4962.0,26.0,,,4968,1,4969.0,25.0,,,4967.5
161800,4962,21,,,,,4969,21,,,,,4965.5
161900,4962,23,,,,,4969,23,,,,,4965.5
162000,4962,5,4961.0,23.0,,,4968,23,,,,,4965.0
162100,4963,4,4962.0,25.0,,,4968,1,4969.0,24.0,,,4965.5
162200,4962,20,,,,,4969,20,,,,,4965.5
162300,4963,5,4962.0,30.0,,,4968,2,4969.0,28.0,,,4965.5
162400,4962,24,,,,,4965,5,4968.0,2.0,4969.0,22.0,4963.5
162500,4962,24,,,,,4967,5,4968.0,2.0,4969.0,22.0,4964.5
162600,4962,21,,,,,4965,4,4969.0,21.0,,,4963.5
162700,4961,24,,,,,4968,24,,,,,4964.5
162800,4962,2,4961.0,27.0,,,4966,8,4968.0,29.0,,,4964.0
162900,4962,23,,,,,4967,3,4969.0,23.0,,,4964.5
163000,4962,30,,,,,4969,30,,,,,4965.5
163100,4962,28,,,,,4968,1,4969.0,27.0,,,4965.0
163200,4962,21,,,,,4969,21,,,,,4965.5
163300,4963,27,,,,,4970,27,,,,,4966.5
163400,4963,22,,,,,4970,22,,,,,4966.5
163500,4967,2,4963.0,30.0,,,4968,4,4970.0,30.0,,,4967.5
163600,4963,28,,,,,4970,28,,,,,4966.5
163700,4963,26,,,,,4970,26,,,,,4966.5
163800,4964,26,,,,,4970,26,,,,,4967.0
163900,4963,24,,,,,4970,24,,,,,4966.5
164000,4963,10,4962.0,29.0,,,4969,31,,,,,4966.0
164100,4964,2,4963.0,24.0,,,4969,2,4970.0,22.0,,,4966.5
164200,4963,25,,,,,4969,1,4970.0,24.0,,,4966.0
164300,4964,2,4963.0,24.0,,,4969,1,4970.0,23.0,,,4966.5
164400,4963,26,,,,,4970,26,,,,,4966.5
164500,4963,1,4962.0,26.0,,,4969,27,,,,,4966.0
164600,4968,1,4963.0,2.0,4962.0,22.0,4969,23,,,,,4968.5
164700,4963,2,4962.0,24.0,,,4969,26,,,,,4966.0
164800,4963,2,4962.0,21.0,,,4969,23,,,,,4966.0
164900,4963,29,,,,,4966,5,4970.0,29.0,,,4964.5
165000,4968,1,4963.0,25.0,,,4970,25,,,,,4969.0
165100,4968,1,4963.0,30.0,,,4969,30,,,,,4968.5
165200,4963,21,,,,,4966,6,4968.0,5.0,4970.0,21.0,4964.5
165300,4963,22,,,,,4968,4,4970.0,22.0,,,4965.5
165400,4963,24,,,,,4970,24,,,,,4966.5
165500,4965,4,4963.0,1.0,4962.0,21.0,4969,22,,,,,4967.0
165600,4962,26,,,,,4969,26,,,,,4965.5
165700,4968,1,4962.0,31.0,,,4969,31,,,,,4968.5
165800,4962,26,,,,,4969,26,,,,,4965.5
165900,4962,30,,,,,4969,30,,,,,4965.5
166000,4968,1,4963.0,1.0,4962.0,23.0,4969,24,,,,,4968.5
166100,4962,27,,,,,4969,27,,,,,4965.5
166200,4962,24,,,,,4963,3,4969.0,24.0,,,4962.5
166300,4962,30,,,,,4969,30,,,,,4965.5
166400,4962,29,,,,,4969,29,,,,,4965.5
166500,4962,24,,,,,4969,24,,,,,4965.5
166600,4963,1,4962.0,20.0,,,4969,21,,,,,4966.0
166700,4963,29,,,,,4969,1,4970.0,28.0,,,4966.0
166800,4963,5,4962.0,26.0,,,4969,28,,,,,4966.0
166900,4963,9,4962.0,24.0,,,4969,26,,,,,4966.0
167000,4962,28,,,,,4963,5,4968.0,1.0,4969.0,27.0,4962.5
167100,4961,28,,,,,4968,28,,,,,4964.5
167200,4962,1,4961.0,28.0,,,4968,29,,,,,4965.0
167300,4961,28,,,,,4968,28,,,,,4964.5
167400,4961,1,4960.0,26.0,,,4967,27,,,,,4964.0
167500,4961,23,,,,,4967,23,,,,,4964.0
167600,4960,29,,,,,4965,1,4967.0,29.0,,,4962.5
167700,4960,28,,,,,4965,2,4967.0,28.0,,,4962.5
167800,4966,1,4960.0,22.0,,,4967,22,,,,,4966.5
167900,4961,2,4960.0,30.0,,,4967,32,,,,,4964.0
168000,4960,29,,,,,4967,29,,,,,4963.5
168100,4960,2,4959.0,24.0,,,4966,26,,,,,4963.0
168200,4960,25,,,,,4967,25,,,,,4963.5
168300,4960,1,4959.0,28.0,,,4966,29,,,,,4963.0
168400,4959,25,,,,,4966,25,,,,,4962.5
168500,4958,25,,,,,4965,25,,,,,4961.5
168600,4959,1,4958.0,21.0,,,4963,1,4965.0,22.0,,,4961.0
168700,4959,2,4958.0,23.0,,,4963,3,4965.0,25.0,,,4961.0
168800,4958,25,,,,,4963,7,4965.0,25.0,,,4960.5
168900,4959,20,,,,,4966,20,,,,,4962.5
169000,4959,28,,,,,4964,3,4965.0,2.0,4966.0,26.0,4961.5
169100,4958,27,,,,,4965,27,,,,,4961.5
169200,4964,1,4959.0,2.0,4958.0,20.0,4965,22,,,,,4964.5
169300,4960,4,4959.0,29.0,,,4966,29,,,,,4963.0
169400,4959,23,,,,,4966,23,,,,,4962.5
169500,4965,1,4960.0,2.0,4959.0,23.0,4966,25,,,,,4965.5
169600,4960,26,,,,,4967,26,,,,,4963.5
169700,4961,6,4960.0,30.0,,,4967,30,,,,,4964.0
169800,4960,32,,,,,4966,2,4967.0,30.0,,,4963.0
169900,4960,29,,,,,4967,30,,,,,4963.5
170000,4960,26,,,,,4967,26,,,,,4963.5
170100,4960,32,,,,,4967,32,,,,,4963.5
170200,4960,22,,,,,4961,1,4967.0,22.0,,,4960.5
170300,4961,23,,,,,4967,1,4968.0,22.0,,,4964.0
170400,4965,10,4961.0,31.0,,,4967,31,,,,,4966.0
170500,4962,7,4961.0,32.0,,,4967,32,,,,,4964.5
170600,4960,24,,,,,4967,24,,,,,4963.5
170700,4960,29,,,,,4967,29,,,,,4963.5
170800,4960,26,,,,,4966,1,4967.0,25.0,,,4963.0
170900,4960,1,4959.0,28.0,,,4966,28,,,,,4963.0
171000,4959,27,,,,,4960,3,4966.0,27.0,,,4959.5
171100,4959,2,4958.0,28.0,,,4963,1,4965.0,30.0,,,4961.0
171200,4959,21,,,,,4966,21,,,,,4962.5
171300,4960,5,4959.0,25.0,,,4966,25,,,,,4963.0
171400,4960,1,4959.0,29.0,,,4966,30,,,,,4963.0
171500,4960,23,,,,,4966,23,,,,,4963.0
171600,4959,32,,,,,4961,4,4964.0,8.0,4966.0,32.0,4960.0
171700,4959,23,,,,,4966,23,,,,,4962.5
171800,4959,27,,,,,4966,27,,,,,4962.5
171900,4959,26,,,,,4965,2,4966.0,24.0,,,4962.0
172000,4959,28,,,,,4965,1,4966.0,27.0,,,4962.0
172100,4960,6,4959.0,25.0,,,4965,2,4966.0,23.0,,,4962.5
172200,4960,1,4959.0,25.0,,,4966,26,,,,,4963.0
172300,4960,2,4959.0,20.0,,,4966,22,,,,,4963.0
172400,4959,23,,,,,4965,1,4966.0,22.0,,,4962.0
172500,4959,22,,,,,4964,1,4965.0,2.0,4966.0,20.0,4961.5
172600,4959,5,4958.0,28.0,,,4965,29,,,,,4962.0
172700,4959,2,4958.0,27.0,,,4965,29,,,,,4962.0
172800,4959,20,,,,,4966,20,,,,,4962.5
172900,4959,27,,,,,4964,1,4966.0,27.0,,,4961.5
173000,4960,6,4959.0,31.0,,,4965,1,4966.0,30.0,,,4962.5
173100,4959,21,,,,,4965,1,4966.0,20.0,,,4962.0
173200,4958,23,,,,,4959,1,4965.0,23.0,,,4958.5
173300,4959,1,4958.0,26.0,,,4960,2,4965.0,27.0,,,4959.5
173400,4959,26,,,,,4965,1,4966.0,25.0,,,4962.0
173500,4960,5,4959.0,31.0,,,4966,31,,,,,4963.0
173600,4960,1,4959.0,28.0,,,4966,29,,,,,4963.0
173700,4965,1,4960.0,27.0,,,4966,1,4967.0,26.0,,,4965.5
173800,4964,4,4960.0,29.0,,,4966,1,4967.0,28.0,,,4965.0
173900,4965,1,4959.0,28.0,,,4966,28,,,,,4965.5
174000,4958,25,,,,,4965,25,,,,,4961.5
174100,4959,8,4958.0,22.0,,,4964,2,4965.0,20.0,,,4961.5
174200,4958,25,,,,,4965,25,,,,,4961.5
174300,4958,29,,,,,4965,29,,,,,4961.5
174400,4958,2,4957.0,27.0,,,4964,28,,,,,4961.0
174500,4957,23,,,,,4964,23,,,,,4960.5
174600,4957,23,,,,,4964,23,,,,,4960.5
174700,4957,29,,,,,4963,1,4964.0,28.0,,,4960.0
174800,4962,1,4957.0,22.0,,,4964,22,,,,,4963.0
174900,4957,1,4956.0,30.0,,,4963,31,,,,,4960.0
175000,4957,27,,,,,4964,27,,,,,4960.5
175100,4957,27,,,,,4962,5,4963.0,2.0,4964.0,25.0,4959.5
175200,4959,7,4958.0,29.0,,,4965,29,,,,,4962.0
175300,4958,2,4957.0,20.0,,,4964,22,,,,,4961.0
175400,4958,26,,,,,4965,26,,,,,4961.5
175500,4957,29,,,,,4964,29,,,,,4960.5
175600,4958,1,4957.0,25.0,,,4964,26,,,,,4961.0
175700,4957,24,,,,,4964,24,,,,,4960.5
175800,4958,29,,,,,4965,29,,,,,4961.5
175900,4958,31,,,,,4963,8,4965.0,31.0,,,4960.5
176000,4957,30,,,,,4958,1,4964.0,30.0,,,4957.5
176100,4958,2,4957.0,22.0,,,4964,22,,,,,4961.0
176200,4957,29,,,,,4963,1,4964.0,28.0,,,4960.0
176300,4956,23,,,,,4963,23,,,,,4959.5
176400,4956,24,,,,,4963,24,,,,,4959.5
176500,4957,28,,,,,4964,28,,,,,4960.5
176600,4958,4,4957.0,23.0,,,4964,23,,,,,4961.0
176700,4957,21,,,,,4962,6,4964.0,21.0,,,4959.5
176800,4957,29,,,,,4964,29,,,,,4960.5
176900,4957,21,,,,,4962,4,4964.0,21.0,,,4959.5
177000,4958,8,4957.0,24.0,,,4964,24,,,,,4961.0
177100,4957,28,,,,,4964,28,,,,,4960.5
177200,4957,21,,,,,4964,21,,,,,4960.5
177300,4957,20,,,,,4962,2,4964.0,20.0,,,4959.5
177400,4957,21,,,,,4964,22,,,,,4960.5
177500,4957,28,,,,,4962,3,4964.0,28.0,,,4959.5
177600,4957,25,,,,,4964,25,,,,,4960.5
177700,4957,22,,,,,4964,22,,,,,4960.5
177800,4956,26,,,,,4963,26,,,,,4959.5
177900,4956,25,,,,,4963,25,,,,,4959.5
178000,4956,23,,,,,4962,2,4963.0,21.0,,,4959.0
178100,4957,1,4956.0,27.0,,,4963,28,,,,,4960.0
178200,4956,26,,,,,4963,26,,,,,4959.5
178300,4956,30,,,,,4963,30,,,,,4959.5
178400,4956,27,,,,,4963,27,,,,,4959.5
178500,4956,26,,,,,4963,26,,,,,4959.5
178600,4957,5,4956.0,20.0,,,4963,20,,,,,4960.0
178700,4956,29,,,,,4957,1,4961.0,8.0,4963.0,29.0,4956.5
178800,4957,6,4956.0,31.0,,,4963,31,,,,,4960.0
178900,4957,3,4956.0,21.0,,,4963,22,,,,,4960.0
179000,4958,2,4957.0,30.0,,,4963,1,4964.0,29.0,,,4960.5
179100,4958,4,4957.0,25.0,,,4964,25,,,,,4961.0
179200,4958,31,,,,,4964,2,4965.0,29.0,,,4961.0
179300,4958,32,,,,,4964,2,4965.0,30.0,,,4961.0
179400,4959,7,4958.0,25.0,,,4965,25,,,,,4962.0
179500,4958,29,,,,,4965,29,,,,,4961.5
179600,4958,23,,,,,4963,4,4964.0,2.0,4965.0,21.0,4960.5
179700,4963,1,4957.0,26.0,,,4964,26,,,,,4963.5
179800,4957,3,4956.0,24.0,,,4963,24,,,,,4960.0
179900,4956,27,,,,,4961,1,4962.0,2.0,4963.0,25.0,4958.5
180000,4956,24,,,,,4963,24,,,,,4959.5
180100,4956,26,,,,,4963,26,,,,,4959.5
180200,4956,24,,,,,4963,24,,,,,4959.5
180300,4956,24,,,,,4963,24,,,,,4959.5
180400,4957,7,4956.0,26.0,,,4963,26,,,,,4960.0
180500,4960,2,4955.0,23.0,,,4962,23,,,,,4961.0
180600,4957,2,4956.0,26.0,,,4962,1,4963.0,25.0,,,4959.5
180700,4957,5,4956.0,25.0,,,4962,1,4963.0,24.0,,,4959.5
180800,4956,1,4955.0,29.0,,,4962,30,,,,,4959.0
180900,4956,1,4955.0,26.0,,,4962,27,,,,,4959.0
181000,4957,2,4956.0,30.0,,,4961,1,4963.0,32.0,,,4959.0
181100,4957,1,4956.0,26.0,,,4963,27,,,,,4960.0
181200,4957,24,,,,,4963,1,4964.0,23.0,,,4960.0
181300,4956,27,,,,,4963,27,,,,,4959.5
181400,4956,30,,,,,4963,30,,,,,4959.5
181500,4956,25,,,,,4957,1,4963.0,25.0,,,4956.5
181600,4956,2,4955.0,29.0,,,4957,2,4960.0,6.0,4962.0,31.0,4956.5
181700,4957,7,4956.0,20.0,,,4963,20,,,,,4960.0
181800,4956,28,,,,,4957,1,4963.0,28.0,,,4956.5
181900,4956,28,,,,,4961,1,4963.0,28.0,,,4958.5
182000,4956,25,,,,,4963,25,,,,,4959.5
182100,4956,32,,,,,4957,2,4963.0,32.0,,,4956.5
182200,4961,1,4956.0,28.0,,,4963,28,,,,,4962.0
182300,4957,3,4956.0,26.0,,,4963,26,,,,,4960.0
182400,4957,2,4956.0,30.0,,,4963,32,,,,,4960.0
182500,4958,1,4957.0,20.0,,,4964,20,,,,,4961.0
182600,4957,23,,,,,4964,23,,,,,4960.5
182700,4956,25,,,,,4963,25,,,,,4959.5
182800,4957,26,,,,,4964,27,,,,,4960.5
182900,4958,4,4957.0,30.0,,,4963,30,,,,,4960.5
183000,4957,8,4956.0,20.0,,,4963,22,,,,,4960.0
183100,4962,1,4958.0,3.0,4957.0,21.0,4963,1,4964.0,20.0,,,4962.5
183200,4957,30,,,,,4964,30,,,,,4960.5
183300,4956,20,,,,,4963,20,,,,,4959.5
183400,4957,2,4956.0,21.0,,,4963,23,,,,,4960.0
183500,4957,1,4956.0,28.0,,,4961,3,4963.0,29.0,,,4959.0
183600,4957,3,4956.0,29.0,,,4963,29,,,,,4960.0
183700,4956,31,,,,,4963,31,,,,,4959.5
183800,4956,30,,,,,4963,30,,,,,4959.5
183900,4956,24,,,,,4961,2,4963.0,24.0,,,4958.5
184000,4956,26,,,,,4963,26,,,,,4959.5
184100,4960,1,4955.0,22.0,,,4962,22,,,,,4961.0
184200,4955,27,,,,,4962,27,,,,,4958.5
184300,4954,24,,,,,4961,24,,,,,4957.5
184400,4955,2,4954.0,27.0,,,4961,29,,,,,4958.0
184500,4955,25,,,,,4961,1,4962.0,24.0,,,4958.0
184600,4954,24,,,,,4959,6,4961.0,24.0,,,4956.5
184700,4960,1,4955.0,24.0,,,4961,24,,,,,4960.5
184800,4955,23,,,,,4960,5,4962.0,23.0,,,4957.5
184900,4955,23,,,,,4961,23,,,,,4958.0
185000,4955,26,,,,,4961,2,4962.0,24.0,,,4958.0
185100,4956,8,4955.0,31.0,,,4961,2,4962.0,29.0,,,4958.5
185200,4954,26,,,,,4961,26,,,,,4957.5
185300,4954,28,,,,,4961,28,,,,,4957.5
185400,4955,23,,,,,4960,1,4961.0,1.0,4962.0,22.0,4957.5
185500,4956,4,4955.0,21.0,,,4962,21,,,,,4959.0
185600,4955,21,,,,,4962,21,,,,,4958.5
185700,4955,21,,,,,4962,21,,,,,4958.5
185800,4955,21,,,,,4962,21,,,,,4958.5
185900,4955,20,,,,,4960,5,4962.0,20.0,,,4957.5
186000,4955,26,,,,,4962,26,,,,,4958.5
186100,4956,2,4955.0,26.0,,,4957,4,4962.0,28.0,,,4956.5
186200,4956,24,,,,,4961,7,4963.0,24.0,,,4958.5
186300,4955,29,,,,,4956,10,4962.0,29.0,,,4955.5
186400,4955,30,,,,,4956,1,4962.0,30.0,,,4955.5
186500,4955,31,,,,,4962,31,,,,,4958.5
186600,4956,2,4955.0,27.0,,,4960,7,4962.0,29.0,,,4958.0
186700,4955,27,,,,,4962,27,,,,,4958.5
186800,4956,6,4955.0,20.0,,,4961,20,,,,,4958.5
186900,4955,1,4954.0,30.0,,,4961,31,,,,,4958.0
187000,4954,31,,,,,4957,3,4959.0,7.0,4961.0,31.0,4955.5
187100,4954,20,,,,,4961,20,,,,,4957.5
187200,4954,23,,,,,4959,6,4960.0,2.0,4961.0,21.0,4956.5
187300,4954,27,,,,,4959,7,4961.0,27.0,,,4956.5
187400,4960,1,4954.0,23.0,,,4961,23,,,,,4960.5
187500,4955,21,,,,,4961,21,,,,,4958.0
187600,4954,24,,,,,4959,2,4961.0,24.0,,,4956.5
187700,4959,8,4955.0,6.0,4954.0,27.0,4961,27,,,,,4960.0
187800,4955,1,4954.0,20.0,,,4961,21,,,,,4958.0
187900,4954,26,,,,,4961,26,,,,,4957.5
188000,4954,29,,,,,4959,2,4961.0,29.0,,,4956.5
188100,4954,26,,,,,4958,5,4960.0,26.0,,,4956.0
188200,4954,1,4953.0,21.0,,,4960,22,,,,,4957.0
188300,4953,21,,,,,4960,21,,,,,4956.5
188400,4954,26,,,,,4960,1,4961.0,25.0,,,4957.0
188500,4954,29,,,,,4960,29,,,,,4957.0
188600,4953,23,,,,,4960,23,,,,,4956.5
188700,4953,28,,,,,4960,28,,,,,4956.5
188800,4953,27,,,,,4960,27,,,,,4956.5
188900,4954,4,4953.0,24.0,,,4960,24,,,,,4957.0
189000,4953,23,,,,,4954,1,4960.0,23.0,,,4953.5
189100,4956,5,4953.0,26.0,,,4960,26,,,,,4958.0
189200,4957,2,4953.0,27.0,,,4959,27,,,,,4958.0
189300,4959,1,4953.0,26.0,,,4960,26,,,,,4959.5
189400,4954,7,4953.0,30.0,,,4960,30,,,,,4957.0
189500,4953,20,,,,,4960,20,,,,,4956.5
189600,4954,22,,,,,4960,22,,,,,4957.0
189700,4954,22,,,,,4959,4,4961.0,22.0,,,4956.5
189800,4955,8,4954.0,24.0,,,4960,1,4961.0,23.0,,,4957.5
189900,4957,3,4954.0,27.0,,,4959,4,4960.0,1.0,4961.0,26.0,4958.0
190000,4954,26,,,,,4955,9,4961.0,26.0,,,4954.5
190100,4954,21,,,,,4961,21,,,,,4957.5
190200,4955,7,4954.0,20.0,,,4961,20,,,,,4958.0
190300,4954,26,,,,,4959,5,4961.0,26.0,,,4956.5
190400,4954,27,,,,,4961,27,,,,,4957.5
190500,4954,4,4953.0,27.0,,,4960,28,,,,,4957.0
190600,4954,29,,,,,4960,1,4961.0,29.0,,,4957.0
190700,4954,30,,,,,4961,30,,,,,4957.5
190800,4954,20,,,,,4961,20,,,,,4957.5
190900,4959,1,4953.0,23.0,,,4960,23,,,,,4959.5
191000,4954,27,,,,,4960,2,4961.0,25.0,,,4957.0
191100,4955,2,4954.0,22.0,,,4961,24,,,,,4958.0
191200,4954,22,,,,,4961,22,,,,,4957.5
191300,4956,6,4954.0,2.0,4953.0,26.0,4960,26,,,,,4958.0
191400,4953,32,,,,,4959,2,4960.0,30.0,,,4956.0
191500,4953,22,,,,,4959,2,4960.0,20.0,,,4956.0
191600,4953,22,,,,,4960,22,,,,,4956.5
191700,4954,2,4953.0,21.0,,,4960,23,,,,,4957.0
191800,4959,1,4954.0,1.0,4953.0,30.0,4960,31,,,,,4959.5
191900,4955,4,4954.0,29.0,,,4960,1,4961.0,28.0,,,4957.5
192000,4954,24,,,,,4960,2,4961.0,22.0,,,4957.0
192100,4954,32,,,,,4960,2,4961.0,30.0,,,4957.0
192200,4954,30,,,,,4961,30,,,,,4957.5
192300,4954,24,,,,,4960,1,4961.0,23.0,,,4957.0
192400,4954,21,,,,,4961,21,,,,,4957.5
192500,4960,1,4954.0,21.0,,,4961,21,,,,,4960.5
192600,4954,24,,,,,4959,6,4961.0,24.0,,,4956.5
192700,4955,1,4954.0,20.0,,,4961,21,,,,,4958.0
192800,4954,29,,,,,4961,29,,,,,4957.5
192900,4954,25,,,,,4961,25,,,,,4957.5
193000,4954,31,,,,,4961,31,,,,,4957.5
193100,4954,1,4953.0,27.0,,,4960,28,,,,,4957.0
193200,4953,30,,,,,4960,30,,,,,4956.5
193300,4954,29,,,,,4960,29,,,,,4957.0
193400,4954,21,,,,,4961,21,,,,,4957.5
193500,4954,5,4953.0,27.0,,,4960,29,,,,,4957.0
193600,4953,25,,,,,4960,25,,,,,4956.5
193700,4953,30,,,,,4958,7,4960.0,30.0,,,4955.5
193800,4958,1,4953.0,30.0,,,4959,30,,,,,4958.5
193900,4954,4,4953.0,31.0,,,4959,31,,,,,4956.5
194000,4952,24,,,,,4957,8,4959.0,25.0,,,4954.5
194100,4957,1,4952.0,25.0,,,4959,25,,,,,4958.0
194200,4953,1,4952.0,32.0,,,4959,32,,,,,4956.0
194300,4952,30,,,,,4953,1,4959.0,30.0,,,4952.5
194400,4952,30,,,,,4958,2,4959.0,28.0,,,4955.0
194500,4953,3,4952.0,31.0,,,4958,1,4959.0,30.0,,,4955.5
194600,4951,30,,,,,4958,31,,,,,4954.5
194700,4951,25,,,,,4958,25,,,,,4954.5
194800,4952,3,4951.0,22.0,,,4958,22,,,,,4955.0
194900,4951,25,,,,,4958,25,,,,,4954.5
195000,4951,29,,,,,4958,29,,,,,4954.5
195100,4951,27,,,,,4956,4,4958.0,27.0,,,4953.5
195200,4953,1,4952.0,29.0,,,4959,29,,,,,4956.0
195300,4951,27,,,,,4958,27,,,,,4954.5
195400,4951,29,,,,,4958,29,,,,,4954.5
195500,4951,28,,,,,4958,28,,,,,4954.5
195600,4950,25,,,,,4957,25,,,,,4953.5
195700,4951,1,4950.0,21.0,,,4955,6,4957.0,22.0,,,4953.0
195800,4951,32,,,,,4956,8,4957.0,32.0,,,4953.5
195900,4951,27,,,,,4958,27,,,,,4954.5
196000,4956,1,4951.0,22.0,,,4958,22,,,,,4957.0
196100,4951,24,,,,,4957,1,4958.0,23.0,,,4954.0
196200,4951,1,4950.0,21.0,,,4957,22,,,,,4954.0
196300,4951,25,,,,,4956,7,4958.0,25.0,,,4953.5
196400,4951,30,,,,,4958,30,,,,,4954.5
196500,4956,1,4951.0,27.0,,,4958,27,,,,,4957.0
196600,4951,23,,,,,4958,23,,,,,4954.5
196700,4952,3,4951.0,26.0,,,4958,26,,,,,4955.0
196800,4950,28,,,,,4957,28,,,,,4953.5
196900,4951,8,4950.0,25.0,,,4957,25,,,,,4954.0
197000,4953,6,4951.0,1.0,4950.0,25.0,4957,26,,,,,4955.0
197100,4950,2,4949.0,30.0,,,4956,32,,,,,4953.0
197200,4950,30,,,,,4956,1,4957.0,29.0,,,4953.0
197300,4950,1,4949.0,24.0,,,4956,25,,,,,4953.0
197400,4955,1,4951.0,8.0,4950.0,20.0,4957,20,,,,,4956.0
197500,4951,1,4950.0,21.0,,,4957,23,,,,,4954.0
197600,4951,3,4950.0,20.0,,,4957,20,,,,,4954.0
197700,4950,2,4949.0,26.0,,,4956,28,,,,,4953.0
197800,4949,25,,,,,4954,6,4956.0,25.0,,,4951.5
197900,4949,24,,,,,4954,8,4956.0,24.0,,,4951.5
198000,4950,8,4949.0,20.0,,,4956,20,,,,,4953.0
198100,4949,28,,,,,4956,28,,,,,4952.5
198200,4949,23,,,,,4956,23,,,,,4952.5
198300,4949,29,,,,,4955,2,4956.0,27.0,,,4952.0
198400,4949,30,,,,,4955,2,4956.0,28.0,,,4952.0
198500,4954,1,4949.0,22.0,,,4956,22,,,,,4955.0
198600,4948,24,,,,,4955,24,,,,,4951.5
198700,4949,22,,,,,4954,7,4955.0,2.0,4956.0,20.0,4951.5
198800,4948,28,,,,,4949,1,4955.0,28.0,,,4948.5
198900,4949,8,4948.0,27.0,,,4950,5,4955.0,27.0,,,4949.5
199000,4948,25,,,,,4954,2,4955.0,23.0,,,4951.0
199100,4948,26,,,,,4953,3,4955.0,27.0,,,4950.5
199200,4952,3,4949.0,22.0,,,4956,22,,,,,4954.0
199300,4949,24,,,,,4954,6,4955.0,2.0,4956.0,22.0,4951.5
199400,4949,23,,,,,4950,4,4955.0,1.0,4956.0,22.0,4949.5
199500,4949,23,,,,,4956,23,,,,,4952.5
199600,4949,22,,,,,4956,22,,,,,4952.5
199700,4949,27,,,,,4956,27,,,,,4952.5
199800,4949,21,,,,,4956,21,,,,,4952.5
199900,4950,32,,,,,4954,7,4956.0,32.0,,,4952.0
