timestamp,day,product,bid_price_1,bid_volume_1,bid_price_2,bid_volume_2,bid_price_3,bid_volume_3,ask_price_1,ask_volume_1,ask_price_2,ask_volume_2,ask_price_3,ask_volume_3,mid_price,profit_and_loss
0,2,ORCHIDS,1053,7,1052.0,2.0,1046.0,46.0,1059,7,1060.0,2.0,1067.0,46.0,1056.0,0.0
100,2,ORCHIDS,1051,8,1050.0,2.0,1045.0,46.0,1058,8,1059.0,2.0,1065.0,46.0,1054.5,0.0
200,2,ORCHIDS,1051,7,1050.0,4.0,1045.0,41.0,1058,7,1059.0,4.0,1065.0,41.0,1054.5,0.0
300,2,ORCHIDS,1052,8,1051.0,3.0,1045.0,47.0,1059,8,1060.0,3.0,1066.0,47.0,1055.5,0.0
400,2,ORCHIDS,1053,9,1052.0,5.0,1046.0,58.0,1060,9,1061.0,5.0,1067.0,58.0,1056.5,0.0
500,2,ORCHIDS,1053,10,1052.0,2.0,1047.0,48.0,1060,10,1061.0,2.0,1067.0,48.0,1056.5,0.0
600,2,ORCHIDS,1054,9,1053.0,4.0,1048.0,58.0,1061,9,1062.0,4.0,1068.0,58.0,1057.5,0.0
700,2,ORCHIDS,1054,5,1053.0,4.0,1047.0,52.0,1061,5,1062.0,4.0,1068.0,52.0,1057.5,0.0
800,2,ORCHIDS,1054,5,1053.0,3.0,1048.0,42.0,1061,5,1062.0,3.0,1068.0,42.0,1057.5,0.0
900,2,ORCHIDS,1057,10,1054.0,5.0,1053.0,3.0,1061,5,1062.0,3.0,1068.0,46.0,1059.0,0.0
1000,2,ORCHIDS,1054,10,1053.0,3.0,1047.0,44.0,1061,10,1062.0,3.0,1068.0,44.0,1057.5,0.0
1100,2,ORCHIDS,1054,6,1053.0,2.0,1047.0,50.0,1060,6,1061.0,2.0,1068.0,50.0,1057.0,0.0
1200,2,ORCHIDS,1055,9,1054.0,4.0,1049.0,48.0,1062,9,1063.0,4.0,1069.0,48.0,1058.5,0.0
1300,2,ORCHIDS,1055,5,1054.0,4.0,1049.0,53.0,1062,5,1063.0,4.0,1069.0,53.0,1058.5,0.0
1400,2,ORCHIDS,1058,6,1057.0,2.0,1051.0,46.0,1065,6,1066.0,2.0,1072.0,46.0,1061.5,0.0
1500,2,ORCHIDS,1057,7,1056.0,2.0,1050.0,43.0,1064,7,1065.0,2.0,1071.0,43.0,1060.5,0.0
1600,2,ORCHIDS,1058,6,1057.0,3.0,1051.0,50.0,1065,6,1066.0,3.0,1072.0,50.0,1061.5,0.0
1700,2,ORCHIDS,1057,8,1056.0,4.0,1051.0,52.0,1064,8,1065.0,4.0,1071.0,52.0,1060.5,0.0
1800,2,ORCHIDS,1056,8,1055.0,3.0,1050.0,49.0,1063,8,1064.0,3.0,1070.0,49.0,1059.5,0.0
1900,2,ORCHIDS,1056,7,1055.0,2.0,1050.0,48.0,1060,9,1063.0,7.0,1064.0,2.0,1058.0,0.0
2000,2,ORCHIDS,1059,8,1058.0,4.0,1052.0,55.0,1066,8,1067.0,4.0,1073.0,55.0,1062.5,0.0
2100,2,ORCHIDS,1058,9,1057.0,3.0,1051.0,57.0,1065,9,1066.0,3.0,1072.0,57.0,1061.5,0.0
2200,2,ORCHIDS,1058,9,1057.0,3.0,1051.0,50.0,1064,9,1065.0,3.0,1072.0,50.0,1061.0,0.0
2300,2,ORCHIDS,1056,5,1055.0,5.0,1049.0,43.0,1063,5,1064.0,5.0,1070.0,43.0,1059.5,0.0
2400,2,ORCHIDS,1057,10,1056.0,3.0,1050.0,49.0,1064,10,1065.0,3.0,1071.0,49.0,1060.5,0.0
2500,2,ORCHIDS,1056,5,1055.0,5.0,1049.0,47.0,1063,5,1064.0,5.0,1070.0,47.0,1059.5,0.0
2600,2,ORCHIDS,1055,5,1054.0,2.0,1048.0,38.0,1059,5,1062.0,5.0,1063.0,2.0,1057.0,0.0
2700,2,ORCHIDS,1055,8,1054.0,2.0,1049.0,53.0,1062,8,1063.0,2.0,1069.0,53.0,1058.5,0.0
2800,2,ORCHIDS,1055,5,1054.0,3.0,1049.0,55.0,1062,5,1063.0,3.0,1069.0,55.0,1058.5,0.0
2900,2,ORCHIDS,1054,10,1053.0,5.0,1048.0,51.0,1061,10,1062.0,5.0,1068.0,51.0,1057.5,0.0
3000,2,ORCHIDS,1054,7,1053.0,4.0,1048.0,47.0,1061,7,1062.0,4.0,1068.0,47.0,1057.5,0.0
3100,2,ORCHIDS,1055,5,1054.0,2.0,1048.0,50.0,1062,5,1063.0,2.0,1069.0,50.0,1058.5,0.0
3200,2,ORCHIDS,1053,7,1052.0,4.0,1047.0,48.0,1060,7,1061.0,4.0,1067.0,48.0,1056.5,0.0
3300,2,ORCHIDS,1053,6,1052.0,5.0,1046.0,44.0,1060,6,1061.0,5.0,1067.0,44.0,1056.5,0.0
3400,2,ORCHIDS,1052,6,1051.0,2.0,1045.0,50.0,1059,6,1060.0,2.0,1066.0,50.0,1055.5,0.0
3500,2,ORCHIDS,1053,5,1052.0,5.0,1046.0,45.0,1060,5,1061.0,5.0,1067.0,45.0,1056.5,0.0
3600,2,ORCHIDS,1055,8,1054.0,2.0,1048.0,43.0,1062,8,1063.0,2.0,1069.0,43.0,1058.5,0.0
3700,2,ORCHIDS,1056,6,1055.0,5.0,1050.0,38.0,1063,6,1064.0,5.0,1070.0,38.0,1059.5,0.0
3800,2,ORCHIDS,1055,5,1054.0,4.0,1049.0,44.0,1062,5,1063.0,4.0,1069.0,44.0,1058.5,0.0
3900,2,ORCHIDS,1054,10,1053.0,2.0,1048.0,46.0,1061,10,1062.0,2.0,1068.0,46.0,1057.5,0.0
4000,2,ORCHIDS,1054,5,1053.0,2.0,1048.0,37.0,1061,5,1062.0,2.0,1068.0,37.0,1057.5,0.0
4100,2,ORCHIDS,1053,10,1052.0,5.0,1047.0,44.0,1060,10,1061.0,5.0,1067.0,44.0,1056.5,0.0
4200,2,ORCHIDS,1054,6,1053.0,5.0,1048.0,44.0,1061,6,1062.0,5.0,1068.0,44.0,1057.5,0.0
4300,2,ORCHIDS,1054,6,1053.0,3.0,1048.0,40.0,1061,6,1062.0,3.0,1068.0,40.0,1057.5,0.0
4400,2,ORCHIDS,1057,5,1056.0,5.0,1050.0,47.0,1064,5,1065.0,5.0,1071.0,47.0,1060.5,0.0
4500,2,ORCHIDS,1055,10,1054.0,3.0,1049.0,45.0,1062,10,1063.0,3.0,1069.0,45.0,1058.5,0.0
4600,2,ORCHIDS,1053,6,1052.0,3.0,1046.0,39.0,1060,6,1061.0,3.0,1067.0,39.0,1056.5,0.0
4700,2,ORCHIDS,1053,9,1052.0,4.0,1047.0,55.0,1060,9,1061.0,4.0,1067.0,55.0,1056.5,0.0
4800,2,ORCHIDS,1055,8,1054.0,2.0,1049.0,51.0,1062,8,1063.0,2.0,1069.0,51.0,1058.5,0.0
4900,2,ORCHIDS,1058,8,1057.0,5.0,1051.0,46.0,1065,8,1066.0,5.0,1072.0,46.0,1061.5,0.0
5000,2,ORCHIDS,1059,10,1058.0,4.0,1052.0,50.0,1066,10,1067.0,4.0,1073.0,50.0,1062.5,0.0
5100,2,ORCHIDS,1065,4,1060.0,6.0,1059.0,2.0,1067,6,1068.0,2.0,1074.0,44.0,1066.0,0.0
5200,2,ORCHIDS,1061,9,1060.0,4.0,1055.0,53.0,1068,9,1069.0,4.0,1075.0,53.0,1064.5,0.0
5300,2,ORCHIDS,1061,7,1060.0,3.0,1054.0,55.0,1068,7,1069.0,3.0,1075.0,55.0,1064.5,0.0
5400,2,ORCHIDS,1062,10,1061.0,4.0,1056.0,50.0,1069,10,1070.0,4.0,1076.0,50.0,1065.5,0.0
5500,2,ORCHIDS,1065,7,1064.0,2.0,1058.0,53.0,1072,7,1073.0,2.0,1079.0,53.0,1068.5,0.0
5600,2,ORCHIDS,1067,6,1066.0,5.0,1061.0,49.0,1074,6,1075.0,5.0,1081.0,49.0,1070.5,0.0
5700,2,ORCHIDS,1067,7,1066.0,5.0,1060.0,47.0,1074,7,1075.0,5.0,1081.0,47.0,1070.5,0.0
5800,2,ORCHIDS,1067,8,1066.0,5.0,1060.0,48.0,1074,8,1075.0,5.0,1081.0,48.0,1070.5,0.0
5900,2,ORCHIDS,1067,8,1066.0,2.0,1061.0,53.0,1074,8,1075.0,2.0,1081.0,53.0,1070.5,0.0
6000,2,ORCHIDS,1068,5,1067.0,5.0,1062.0,45.0,1075,5,1076.0,5.0,1082.0,45.0,1071.5,0.0
6100,2,ORCHIDS,1069,5,1068.0,3.0,1062.0,44.0,1076,5,1077.0,3.0,1083.0,44.0,1072.5,0.0
6200,2,ORCHIDS,1073,5,1068.0,6.0,1067.0,4.0,1075,6,1076.0,4.0,1082.0,38.0,1074.0,0.0
6300,2,ORCHIDS,1065,8,1064.0,4.0,1059.0,50.0,1072,8,1073.0,4.0,1079.0,50.0,1068.5,0.0
6400,2,ORCHIDS,1065,7,1064.0,3.0,1059.0,48.0,1072,7,1073.0,3.0,1079.0,48.0,1068.5,0.0
6500,2,ORCHIDS,1065,10,1064.0,5.0,1058.0,54.0,1072,10,1073.0,5.0,1079.0,54.0,1068.5,0.0
6600,2,ORCHIDS,1064,10,1063.0,5.0,1057.0,50.0,1071,10,1072.0,5.0,1078.0,50.0,1067.5,0.0
6700,2,ORCHIDS,1066,9,1065.0,2.0,1059.0,46.0,1073,9,1074.0,2.0,1080.0,46.0,1069.5,0.0
6800,2,ORCHIDS,1065,7,1064.0,4.0,1059.0,45.0,1072,7,1073.0,4.0,1079.0,45.0,1068.5,0.0
6900,2,ORCHIDS,1065,7,1064.0,5.0,1058.0,48.0,1072,7,1073.0,5.0,1079.0,48.0,1068.5,0.0
7000,2,ORCHIDS,1064,7,1063.0,2.0,1057.0,50.0,1071,7,1072.0,2.0,1078.0,50.0,1067.5,0.0
7100,2,ORCHIDS,1063,6,1062.0,5.0,1057.0,42.0,1070,6,1071.0,5.0,1077.0,42.0,1066.5,0.0
7200,2,ORCHIDS,1063,9,1062.0,4.0,1057.0,40.0,1070,9,1071.0,4.0,1077.0,40.0,1066.5,0.0
7300,2,ORCHIDS,1062,9,1061.0,5.0,1056.0,49.0,1069,9,1070.0,5.0,1076.0,49.0,1065.5,0.0
7400,2,ORCHIDS,1064,9,1063.0,3.0,1057.0,47.0,1071,9,1072.0,3.0,1078.0,47.0,1067.5,0.0
7500,2,ORCHIDS,1064,10,1063.0,5.0,1057.0,51.0,1071,10,1072.0,5.0,1078.0,51.0,1067.5,0.0
7600,2,ORCHIDS,1066,9,1065.0,2.0,1059.0,49.0,1073,9,1074.0,2.0,1080.0,49.0,1069.5,0.0
7700,2,ORCHIDS,1063,8,1062.0,2.0,1057.0,48.0,1070,8,1071.0,2.0,1077.0,48.0,1066.5,0.0
7800,2,ORCHIDS,1065,6,1064.0,4.0,1059.0,41.0,1072,6,1073.0,4.0,1079.0,41.0,1068.5,0.0
7900,2,ORCHIDS,1064,9,1063.0,4.0,1057.0,59.0,1071,9,1072.0,4.0,1078.0,59.0,1067.5,0.0
8000,2,ORCHIDS,1064,6,1063.0,2.0,1058.0,45.0,1071,6,1072.0,2.0,1078.0,45.0,1067.5,0.0
8100,2,ORCHIDS,1066,7,1065.0,2.0,1059.0,39.0,1073,7,1074.0,2.0,1080.0,39.0,1069.5,0.0
8200,2,ORCHIDS,1065,10,1064.0,3.0,1058.0,56.0,1072,10,1073.0,3.0,1079.0,56.0,1068.5,0.0
8300,2,ORCHIDS,1066,10,1065.0,5.0,1059.0,51.0,1073,10,1074.0,5.0,1080.0,51.0,1069.5,0.0
8400,2,ORCHIDS,1065,9,1064.0,2.0,1059.0,51.0,1072,9,1073.0,2.0,1079.0,51.0,1068.5,0.0
8500,2,ORCHIDS,1066,10,1065.0,5.0,1059.0,51.0,1073,10,1074.0,5.0,1080.0,51.0,1069.5,0.0
8600,2,ORCHIDS,1064,7,1063.0,4.0,1057.0,54.0,1071,7,1072.0,4.0,1078.0,54.0,1067.5,0.0
8700,2,ORCHIDS,1062,6,1061.0,4.0,1056.0,49.0,1069,6,1070.0,4.0,1076.0,49.0,1065.5,0.0
8800,2,ORCHIDS,1063,9,1062.0,5.0,1057.0,48.0,1070,9,1071.0,5.0,1077.0,48.0,1066.5,0.0
8900,2,ORCHIDS,1063,8,1062.0,3.0,1056.0,47.0,1070,8,1071.0,3.0,1077.0,47.0,1066.5,0.0
9000,2,ORCHIDS,1063,7,1062.0,4.0,1057.0,49.0,1070,7,1071.0,4.0,1077.0,49.0,1066.5,0.0
9100,2,ORCHIDS,1062,7,1061.0,4.0,1056.0,52.0,1069,7,1070.0,4.0,1076.0,52.0,1065.5,0.0
9200,2,ORCHIDS,1062,5,1061.0,3.0,1056.0,45.0,1069,5,1070.0,3.0,1076.0,45.0,1065.5,0.0
9300,2,ORCHIDS,1060,10,1059.0,4.0,1054.0,56.0,1067,10,1068.0,4.0,1074.0,56.0,1063.5,0.0
9400,2,ORCHIDS,1059,6,1058.0,5.0,1053.0,51.0,1066,6,1067.0,5.0,1073.0,51.0,1062.5,0.0
9500,2,ORCHIDS,1057,10,1056.0,4.0,1050.0,51.0,1064,10,1065.0,4.0,1071.0,51.0,1060.5,0.0
9600,2,ORCHIDS,1058,7,1057.0,2.0,1052.0,48.0,1065,7,1066.0,2.0,1072.0,48.0,1061.5,0.0
9700,2,ORCHIDS,1059,6,1058.0,5.0,1052.0,39.0,1066,6,1067.0,5.0,1073.0,39.0,1062.5,0.0
9800,2,ORCHIDS,1060,9,1059.0,2.0,1053.0,43.0,1067,9,1068.0,2.0,1074.0,43.0,1063.5,0.0
9900,2,ORCHIDS,1062,10,1061.0,5.0,1056.0,43.0,1069,10,1070.0,5.0,1076.0,43.0,1065.5,0.0
10000,2,ORCHIDS,1063,7,1062.0,4.0,1056.0,41.0,1070,7,1071.0,4.0,1077.0,41.0,1066.5,0.0
10100,2,ORCHIDS,1065,8,1064.0,2.0,1058.0,40.0,1072,8,1073.0,2.0,1079.0,40.0,1068.5,0.0
10200,2,ORCHIDS,1066,6,1065.0,2.0,1059.0,49.0,1073,6,1074.0,2.0,1080.0,49.0,1069.5,0.0
10300,2,ORCHIDS,1065,10,1064.0,4.0,1058.0,49.0,1072,10,1073.0,4.0,1079.0,49.0,1068.5,0.0
10400,2,ORCHIDS,1065,9,1064.0,5.0,1059.0,46.0,1072,9,1073.0,5.0,1079.0,46.0,1068.5,0.0
10500,2,ORCHIDS,1066,5,1063.0,7.0,1062.0,4.0,1070,7,1071.0,4.0,1077.0,54.0,1068.0,0.0
10600,2,ORCHIDS,1064,10,1063.0,4.0,1057.0,52.0,1071,10,1072.0,4.0,1078.0,52.0,1067.5,0.0
10700,2,ORCHIDS,1064,10,1063.0,4.0,1057.0,45.0,1071,10,1072.0,4.0,1078.0,45.0,1067.5,0.0
10800,2,ORCHIDS,1064,9,1063.0,2.0,1057.0,50.0,1071,9,1072.0,2.0,1078.0,50.0,1067.5,0.0
10900,2,ORCHIDS,1064,5,1063.0,4.0,1058.0,46.0,1071,5,1072.0,4.0,1078.0,46.0,1067.5,0.0
11000,2,ORCHIDS,1066,5,1065.0,2.0,1060.0,44.0,1073,5,1074.0,2.0,1080.0,44.0,1069.5,0.0
11100,2,ORCHIDS,1067,9,1066.0,2.0,1060.0,50.0,1074,9,1075.0,2.0,1081.0,50.0,1070.5,0.0
11200,2,ORCHIDS,1068,5,1067.0,3.0,1062.0,42.0,1075,5,1076.0,3.0,1082.0,42.0,1071.5,0.0
11300,2,ORCHIDS,1068,8,1067.0,3.0,1062.0,45.0,1075,8,1076.0,3.0,1082.0,45.0,1071.5,0.0
11400,2,ORCHIDS,1067,8,1066.0,3.0,1060.0,55.0,1074,8,1075.0,3.0,1081.0,55.0,1070.5,0.0
11500,2,ORCHIDS,1068,7,1067.0,3.0,1062.0,51.0,1075,7,1076.0,3.0,1082.0,51.0,1071.5,0.0
11600,2,ORCHIDS,1068,8,1065.0,6.0,1064.0,2.0,1072,6,1073.0,2.0,1079.0,47.0,1070.0,0.0
11700,2,ORCHIDS,1068,6,1067.0,4.0,1061.0,41.0,1075,6,1076.0,4.0,1082.0,41.0,1071.5,0.0
11800,2,ORCHIDS,1069,6,1068.0,3.0,1062.0,38.0,1076,6,1077.0,3.0,1083.0,38.0,1072.5,0.0
11900,2,ORCHIDS,1067,8,1066.0,2.0,1061.0,56.0,1074,8,1075.0,2.0,1081.0,56.0,1070.5,0.0
12000,2,ORCHIDS,1068,8,1067.0,5.0,1061.0,44.0,1075,8,1076.0,5.0,1082.0,44.0,1071.5,0.0
12100,2,ORCHIDS,1069,5,1068.0,4.0,1062.0,46.0,1076,5,1077.0,4.0,1083.0,46.0,1072.5,0.0
12200,2,ORCHIDS,1068,8,1067.0,5.0,1061.0,47.0,1075,8,1076.0,5.0,1082.0,47.0,1071.5,0.0
12300,2,ORCHIDS,1073,8,1070.0,8.0,1069.0,2.0,1077,8,1078.0,2.0,1084.0,43.0,1075.0,0.0
12400,2,ORCHIDS,1070,7,1069.0,5.0,1063.0,45.0,1077,7,1078.0,5.0,1084.0,45.0,1073.5,0.0
12500,2,ORCHIDS,1070,8,1069.0,5.0,1063.0,46.0,1077,8,1078.0,5.0,1084.0,46.0,1073.5,0.0
12600,2,ORCHIDS,1069,9,1068.0,2.0,1063.0,49.0,1076,9,1077.0,2.0,1083.0,49.0,1072.5,0.0
12700,2,ORCHIDS,1072,7,1071.0,2.0,1065.0,37.0,1079,7,1080.0,2.0,1086.0,37.0,1075.5,0.0
12800,2,ORCHIDS,1072,8,1071.0,2.0,1065.0,46.0,1079,8,1080.0,2.0,1086.0,46.0,1075.5,0.0
12900,2,ORCHIDS,1073,6,1072.0,2.0,1067.0,51.0,1077,8,1080.0,6.0,1081.0,2.0,1075.0,0.0
13000,2,ORCHIDS,1073,9,1072.0,4.0,1067.0,45.0,1080,9,1081.0,4.0,1087.0,45.0,1076.5,0.0
13100,2,ORCHIDS,1071,9,1070.0,4.0,1065.0,51.0,1078,9,1079.0,4.0,1085.0,51.0,1074.5,0.0
13200,2,ORCHIDS,1069,5,1068.0,2.0,1063.0,50.0,1076,5,1077.0,2.0,1083.0,50.0,1072.5,0.0
13300,2,ORCHIDS,1069,5,1068.0,5.0,1063.0,50.0,1076,5,1077.0,5.0,1083.0,50.0,1072.5,0.0
13400,2,ORCHIDS,1070,8,1069.0,4.0,1064.0,40.0,1077,8,1078.0,4.0,1084.0,40.0,1073.5,0.0
13500,2,ORCHIDS,1072,6,1071.0,2.0,1065.0,43.0,1079,6,1080.0,2.0,1086.0,43.0,1075.5,0.0
13600,2,ORCHIDS,1075,6,1072.0,10.0,1071.0,5.0,1078,10,1079.0,5.0,1086.0,46.0,1076.5,0.0
13700,2,ORCHIDS,1073,8,1072.0,5.0,1066.0,56.0,1080,8,1081.0,5.0,1087.0,56.0,1076.5,0.0
13800,2,ORCHIDS,1072,8,1071.0,4.0,1065.0,48.0,1079,8,1080.0,4.0,1086.0,48.0,1075.5,0.0
13900,2,ORCHIDS,1073,7,1072.0,3.0,1067.0,47.0,1080,7,1081.0,3.0,1087.0,47.0,1076.5,0.0
14000,2,ORCHIDS,1075,9,1074.0,3.0,1069.0,50.0,1082,9,1083.0,3.0,1089.0,50.0,1078.5,0.0
14100,2,ORCHIDS,1075,7,1074.0,2.0,1069.0,42.0,1082,7,1083.0,2.0,1089.0,42.0,1078.5,0.0
14200,2,ORCHIDS,1076,8,1075.0,5.0,1070.0,43.0,1083,8,1084.0,5.0,1090.0,43.0,1079.5,0.0
14300,2,ORCHIDS,1074,5,1073.0,2.0,1068.0,43.0,1081,5,1082.0,2.0,1088.0,43.0,1077.5,0.0
14400,2,ORCHIDS,1072,9,1071.0,5.0,1066.0,51.0,1079,9,1080.0,5.0,1086.0,51.0,1075.5,0.0
14500,2,ORCHIDS,1074,8,1073.0,5.0,1067.0,56.0,1081,8,1082.0,5.0,1088.0,56.0,1077.5,0.0
14600,2,ORCHIDS,1074,9,1073.0,5.0,1067.0,53.0,1080,9,1081.0,5.0,1088.0,53.0,1077.0,0.0
14700,2,ORCHIDS,1072,5,1071.0,5.0,1066.0,42.0,1079,5,1080.0,5.0,1086.0,42.0,1075.5,0.0
14800,2,ORCHIDS,1073,10,1072.0,4.0,1066.0,46.0,1080,10,1081.0,4.0,1087.0,46.0,1076.5,0.0
14900,2,ORCHIDS,1072,7,1071.0,5.0,1066.0,45.0,1079,7,1080.0,5.0,1086.0,45.0,1075.5,0.0
15000,2,ORCHIDS,1078,5,1073.0,7.0,1072.0,3.0,1080,7,1081.0,3.0,1087.0,56.0,1079.0,0.0
15100,2,ORCHIDS,1073,6,1072.0,3.0,1066.0,38.0,1080,6,1081.0,3.0,1087.0,38.0,1076.5,0.0
15200,2,ORCHIDS,1075,6,1074.0,3.0,1068.0,42.0,1082,6,1083.0,3.0,1089.0,42.0,1078.5,0.0
15300,2,ORCHIDS,1073,5,1072.0,4.0,1067.0,44.0,1080,5,1081.0,4.0,1087.0,44.0,1076.5,0.0
15400,2,ORCHIDS,1074,6,1073.0,2.0,1067.0,49.0,1077,6,1080.0,6.0,1081.0,2.0,1075.5,0.0
15500,2,ORCHIDS,1074,7,1073.0,5.0,1067.0,52.0,1081,7,1082.0,5.0,1088.0,52.0,1077.5,0.0
15600,2,ORCHIDS,1074,9,1073.0,2.0,1067.0,52.0,1081,9,1082.0,2.0,1088.0,52.0,1077.5,0.0
15700,2,ORCHIDS,1073,5,1072.0,2.0,1066.0,47.0,1080,5,1081.0,2.0,1087.0,47.0,1076.5,0.0
15800,2,ORCHIDS,1071,9,1070.0,3.0,1065.0,53.0,1078,9,1079.0,3.0,1085.0,53.0,1074.5,0.0
15900,2,ORCHIDS,1069,5,1068.0,2.0,1063.0,44.0,1076,5,1077.0,2.0,1083.0,44.0,1072.5,0.0
16000,2,ORCHIDS,1067,5,1066.0,4.0,1061.0,35.0,1074,5,1075.0,4.0,1081.0,35.0,1070.5,0.0
16100,2,ORCHIDS,1068,9,1067.0,3.0,1061.0,49.0,1074,9,1075.0,3.0,1082.0,49.0,1071.0,0.0
16200,2,ORCHIDS,1067,8,1066.0,3.0,1061.0,50.0,1074,8,1075.0,3.0,1081.0,50.0,1070.5,0.0
16300,2,ORCHIDS,1066,10,1065.0,2.0,1060.0,47.0,1073,10,1074.0,2.0,1080.0,47.0,1069.5,0.0
16400,2,ORCHIDS,1065,8,1064.0,5.0,1059.0,48.0,1072,8,1073.0,5.0,1079.0,48.0,1068.5,0.0
16500,2,ORCHIDS,1064,9,1063.0,2.0,1057.0,49.0,1071,9,1072.0,2.0,1077.0,49.0,1067.5,0.0
16600,2,ORCHIDS,1064,9,1063.0,5.0,1057.0,42.0,1071,9,1072.0,5.0,1078.0,42.0,1067.5,0.0
16700,2,ORCHIDS,1062,7,1061.0,5.0,1055.0,44.0,1069,7,1070.0,5.0,1075.0,44.0,1065.5,0.0
16800,2,ORCHIDS,1061,7,1060.0,4.0,1055.0,46.0,1068,7,1069.0,4.0,1075.0,46.0,1064.5,0.0
16900,2,ORCHIDS,1060,9,1059.0,5.0,1054.0,51.0,1067,9,1068.0,5.0,1074.0,51.0,1063.5,0.0
17000,2,ORCHIDS,1060,5,1059.0,4.0,1053.0,53.0,1067,5,1068.0,4.0,1073.0,53.0,1063.5,0.0
17100,2,ORCHIDS,1059,6,1057.0,4.0,1051.0,43.0,1066,6,1067.0,4.0,1073.0,43.0,1062.5,0.0
17200,2,ORCHIDS,1058,7,1057.0,3.0,1051.0,50.0,1065,7,1067.0,3.0,1073.0,50.0,1061.5,0.0
17300,2,ORCHIDS,1058,6,1056.0,3.0,1050.0,46.0,1065,6,1066.0,3.0,1072.0,46.0,1061.5,0.0
17400,2,ORCHIDS,1058,6,1056.0,3.0,1050.0,40.0,1065,6,1066.0,3.0,1072.0,40.0,1061.5,0.0
17500,2,ORCHIDS,1054,10,1052.0,4.0,1046.0,59.0,1061,10,1062.0,4.0,1068.0,59.0,1057.5,0.0
17600,2,ORCHIDS,1055,9,1053.0,4.0,1047.0,51.0,1062,9,1063.0,4.0,1069.0,51.0,1058.5,0.0
17700,2,ORCHIDS,1056,5,1055.0,4.0,1049.0,41.0,1063,5,1065.0,4.0,1071.0,41.0,1059.5,0.0
17800,2,ORCHIDS,1058,10,1056.0,4.0,1050.0,58.0,1065,10,1066.0,4.0,1072.0,58.0,1061.5,0.0
17900,2,ORCHIDS,1057,5,1056.0,5.0,1050.0,42.0,1065,5,1066.0,5.0,1072.0,42.0,1061.0,0.0
18000,2,ORCHIDS,1057,10,1056.0,3.0,1050.0,57.0,1064,10,1066.0,3.0,1072.0,57.0,1060.5,0.0
18100,2,ORCHIDS,1056,10,1055.0,4.0,1049.0,51.0,1063,10,1065.0,4.0,1071.0,51.0,1059.5,0.0
18200,2,ORCHIDS,1056,6,1055.0,2.0,1049.0,44.0,1063,6,1065.0,2.0,1071.0,44.0,1059.5,0.0
18300,2,ORCHIDS,1056,10,1055.0,5.0,1049.0,46.0,1063,10,1065.0,5.0,1071.0,46.0,1059.5,0.0
18400,2,ORCHIDS,1057,9,1056.0,4.0,1050.0,46.0,1064,9,1066.0,4.0,1072.0,46.0,1060.5,0.0
18500,2,ORCHIDS,1057,8,1055.0,2.0,1049.0,51.0,1064,8,1065.0,2.0,1071.0,51.0,1060.5,0.0
18600,2,ORCHIDS,1055,10,1054.0,3.0,1048.0,48.0,1062,10,1064.0,3.0,1070.0,48.0,1058.5,0.0
18700,2,ORCHIDS,1054,9,1053.0,2.0,1047.0,45.0,1061,9,1063.0,2.0,1069.0,45.0,1057.5,0.0
18800,2,ORCHIDS,1055,9,1053.0,3.0,1047.0,44.0,1062,9,1063.0,3.0,1069.0,44.0,1058.5,0.0
18900,2,ORCHIDS,1058,10,1056.0,2.0,1050.0,54.0,1065,10,1066.0,2.0,1072.0,54.0,1061.5,0.0
19000,2,ORCHIDS,1057,9,1055.0,5.0,1049.0,41.0,1064,9,1065.0,5.0,1071.0,41.0,1060.5,0.0
19100,2,ORCHIDS,1056,5,1055.0,4.0,1049.0,39.0,1063,5,1065.0,4.0,1071.0,39.0,1059.5,0.0
19200,2,ORCHIDS,1056,10,1055.0,2.0,1049.0,45.0,1063,10,1065.0,2.0,1071.0,45.0,1059.5,0.0
19300,2,ORCHIDS,1056,9,1055.0,5.0,1049.0,48.0,1063,9,1065.0,5.0,1071.0,48.0,1059.5,0.0
19400,2,ORCHIDS,1055,6,1054.0,4.0,1048.0,46.0,1062,6,1064.0,4.0,1070.0,46.0,1058.5,0.0
19500,2,ORCHIDS,1055,8,1054.0,3.0,1048.0,51.0,1062,8,1064.0,3.0,1070.0,51.0,1058.5,0.0
19600,2,ORCHIDS,1055,6,1053.0,3.0,1047.0,41.0,1062,6,1063.0,3.0,1069.0,41.0,1058.5,0.0
19700,2,ORCHIDS,1053,9,1052.0,4.0,1046.0,50.0,1060,9,1062.0,4.0,1068.0,50.0,1056.5,0.0
19800,2,ORCHIDS,1055,10,1053.0,4.0,1047.0,47.0,1062,10,1063.0,4.0,1069.0,47.0,1058.5,0.0
19900,2,ORCHIDS,1057,5,1056.0,4.0,1050.0,39.0,1064,5,1066.0,4.0,1072.0,39.0,1060.5,0.0
20000,2,ORCHIDS,1058,5,1057.0,5.0,1051.0,49.0,1065,5,1067.0,5.0,1073.0,49.0,1061.5,0.0
20100,2,ORCHIDS,1058,9,1057.0,3.0,1051.0,50.0,1065,9,1067.0,3.0,1073.0,50.0,1061.5,0.0
20200,2,ORCHIDS,1058,6,1056.0,3.0,1050.0,45.0,1065,6,1066.0,3.0,1072.0,45.0,1061.5,0.0
20300,2,ORCHIDS,1056,10,1055.0,2.0,1049.0,51.0,1063,10,1065.0,2.0,1071.0,51.0,1059.5,0.0
20400,2,ORCHIDS,1055,7,1053.0,3.0,1047.0,48.0,1062,7,1063.0,3.0,1069.0,48.0,1058.5,0.0
20500,2,ORCHIDS,1054,9,1053.0,4.0,1047.0,48.0,1062,9,1063.0,4.0,1069.0,48.0,1058.0,0.0
20600,2,ORCHIDS,1055,8,1053.0,2.0,1047.0,55.0,1062,8,1063.0,2.0,1069.0,55.0,1058.5,0.0
20700,2,ORCHIDS,1054,10,1052.0,4.0,1046.0,42.0,1061,10,1062.0,4.0,1068.0,42.0,1057.5,0.0
20800,2,ORCHIDS,1053,8,1052.0,3.0,1046.0,49.0,1060,8,1062.0,3.0,1068.0,49.0,1056.5,0.0
20900,2,ORCHIDS,1051,6,1050.0,4.0,1044.0,48.0,1058,6,1060.0,4.0,1066.0,48.0,1054.5,0.0
21000,2,ORCHIDS,1053,6,1051.0,4.0,1045.0,46.0,1060,6,1061.0,4.0,1067.0,46.0,1056.5,0.0
21100,2,ORCHIDS,1051,8,1049.0,5.0,1043.0,54.0,1058,8,1059.0,5.0,1065.0,54.0,1054.5,0.0
21200,2,ORCHIDS,1052,10,1051.0,4.0,1045.0,53.0,1059,10,1061.0,4.0,1067.0,53.0,1055.5,0.0
21300,2,ORCHIDS,1050,7,1048.0,3.0,1042.0,42.0,1057,7,1058.0,3.0,1064.0,42.0,1053.5,0.0
21400,2,ORCHIDS,1051,8,1049.0,3.0,1043.0,46.0,1058,8,1059.0,3.0,1065.0,46.0,1054.5,0.0
21500,2,ORCHIDS,1054,6,1051.0,9.0,1050.0,3.0,1058,9,1059.0,3.0,1066.0,52.0,1056.0,0.0
21600,2,ORCHIDS,1052,6,1051.0,4.0,1045.0,49.0,1059,6,1061.0,4.0,1067.0,49.0,1055.5,0.0
21700,2,ORCHIDS,1054,5,1053.0,2.0,1047.0,41.0,1061,5,1063.0,2.0,1069.0,41.0,1057.5,0.0
21800,2,ORCHIDS,1056,10,1055.0,3.0,1049.0,43.0,1063,10,1065.0,3.0,1071.0,43.0,1059.5,0.0
21900,2,ORCHIDS,1055,10,1054.0,3.0,1048.0,55.0,1062,10,1064.0,3.0,1070.0,55.0,1058.5,0.0
22000,2,ORCHIDS,1058,6,1055.0,9.0,1054.0,4.0,1062,9,1064.0,4.0,1070.0,43.0,1060.0,0.0
22100,2,ORCHIDS,1055,10,1054.0,5.0,1048.0,47.0,1062,10,1064.0,5.0,1070.0,47.0,1058.5,0.0
22200,2,ORCHIDS,1056,7,1055.0,3.0,1049.0,46.0,1063,7,1065.0,3.0,1071.0,46.0,1059.5,0.0
22300,2,ORCHIDS,1055,7,1053.0,4.0,1047.0,45.0,1062,7,1063.0,4.0,1069.0,45.0,1058.5,0.0
22400,2,ORCHIDS,1056,7,1054.0,4.0,1048.0,44.0,1063,7,1064.0,4.0,1070.0,44.0,1059.5,0.0
22500,2,ORCHIDS,1057,7,1056.0,4.0,1050.0,46.0,1064,7,1066.0,4.0,1072.0,46.0,1060.5,0.0
22600,2,ORCHIDS,1060,7,1059.0,5.0,1053.0,50.0,1067,7,1069.0,5.0,1075.0,50.0,1063.5,0.0
22700,2,ORCHIDS,1060,9,1058.0,3.0,1052.0,50.0,1067,9,1068.0,3.0,1074.0,50.0,1063.5,0.0
22800,2,ORCHIDS,1061,10,1059.0,2.0,1053.0,45.0,1068,10,1069.0,2.0,1075.0,45.0,1064.5,0.0
22900,2,ORCHIDS,1059,8,1057.0,4.0,1051.0,46.0,1066,8,1067.0,4.0,1073.0,46.0,1062.5,0.0
23000,2,ORCHIDS,1059,5,1057.0,5.0,1051.0,45.0,1066,5,1067.0,5.0,1073.0,45.0,1062.5,0.0
23100,2,ORCHIDS,1060,8,1058.0,3.0,1052.0,38.0,1067,8,1068.0,3.0,1074.0,38.0,1063.5,0.0
23200,2,ORCHIDS,1059,5,1057.0,5.0,1051.0,51.0,1063,6,1066.0,5.0,1067.0,5.0,1061.0,0.0
23300,2,ORCHIDS,1058,7,1056.0,4.0,1050.0,43.0,1065,7,1066.0,4.0,1072.0,43.0,1061.5,0.0
23400,2,ORCHIDS,1057,6,1055.0,2.0,1049.0,41.0,1064,6,1065.0,2.0,1071.0,41.0,1060.5,0.0
23500,2,ORCHIDS,1058,10,1057.0,5.0,1051.0,51.0,1065,10,1067.0,5.0,1073.0,51.0,1061.5,0.0
23600,2,ORCHIDS,1060,10,1058.0,3.0,1052.0,47.0,1067,10,1068.0,3.0,1074.0,47.0,1063.5,0.0
23700,2,ORCHIDS,1061,9,1059.0,4.0,1053.0,56.0,1068,9,1069.0,4.0,1075.0,56.0,1064.5,0.0
23800,2,ORCHIDS,1060,8,1059.0,5.0,1053.0,56.0,1068,8,1069.0,5.0,1075.0,56.0,1064.0,0.0
23900,2,ORCHIDS,1062,10,1060.0,2.0,1054.0,47.0,1069,10,1070.0,2.0,1076.0,47.0,1065.5,0.0
24000,2,ORCHIDS,1061,9,1060.0,3.0,1054.0,56.0,1069,9,1070.0,3.0,1076.0,56.0,1065.0,0.0
24100,2,ORCHIDS,1061,6,1060.0,3.0,1054.0,49.0,1068,6,1070.0,3.0,1076.0,49.0,1064.5,0.0
24200,2,ORCHIDS,1063,9,1061.0,5.0,1055.0,49.0,1070,9,1071.0,5.0,1077.0,49.0,1066.5,0.0
24300,2,ORCHIDS,1063,10,1062.0,3.0,1055.0,53.0,1070,10,1071.0,3.0,1078.0,53.0,1066.5,0.0
24400,2,ORCHIDS,1063,9,1062.0,4.0,1056.0,49.0,1070,9,1072.0,4.0,1078.0,49.0,1066.5,0.0
24500,2,ORCHIDS,1063,9,1062.0,5.0,1056.0,48.0,1071,9,1072.0,5.0,1078.0,48.0,1067.0,0.0
24600,2,ORCHIDS,1064,9,1062.0,3.0,1056.0,51.0,1071,9,1072.0,3.0,1078.0,51.0,1067.5,0.0
24700,2,ORCHIDS,1063,5,1062.0,5.0,1056.0,42.0,1070,5,1072.0,5.0,1078.0,42.0,1066.5,0.0
24800,2,ORCHIDS,1062,10,1060.0,3.0,1054.0,51.0,1069,10,1070.0,3.0,1076.0,51.0,1065.5,0.0
24900,2,ORCHIDS,1061,6,1060.0,2.0,1054.0,42.0,1068,6,1070.0,2.0,1076.0,42.0,1064.5,0.0
25000,2,ORCHIDS,1060,5,1059.0,2.0,1053.0,46.0,1067,5,1069.0,2.0,1075.0,46.0,1063.5,0.0
25100,2,ORCHIDS,1059,9,1058.0,2.0,1052.0,42.0,1066,9,1068.0,2.0,1074.0,42.0,1062.5,0.0
25200,2,ORCHIDS,1060,6,1059.0,5.0,1053.0,50.0,1067,6,1069.0,5.0,1075.0,50.0,1063.5,0.0
25300,2,ORCHIDS,1060,7,1059.0,5.0,1053.0,47.0,1067,7,1069.0,5.0,1075.0,47.0,1063.5,0.0
25400,2,ORCHIDS,1060,5,1059.0,5.0,1053.0,47.0,1067,5,1069.0,5.0,1075.0,47.0,1063.5,0.0
25500,2,ORCHIDS,1060,6,1059.0,3.0,1053.0,47.0,1068,6,1069.0,3.0,1075.0,47.0,1064.0,0.0
25600,2,ORCHIDS,1060,7,1059.0,4.0,1053.0,47.0,1068,7,1069.0,4.0,1075.0,47.0,1064.0,0.0
25700,2,ORCHIDS,1060,10,1058.0,3.0,1052.0,51.0,1067,10,1068.0,3.0,1074.0,51.0,1063.5,0.0
25800,2,ORCHIDS,1060,5,1058.0,5.0,1052.0,44.0,1067,5,1068.0,5.0,1074.0,44.0,1063.5,0.0
25900,2,ORCHIDS,1059,6,1057.0,2.0,1051.0,48.0,1066,6,1067.0,2.0,1073.0,48.0,1062.5,0.0
26000,2,ORCHIDS,1056,6,1055.0,3.0,1049.0,48.0,1063,6,1065.0,3.0,1071.0,48.0,1059.5,0.0
26100,2,ORCHIDS,1057,5,1055.0,5.0,1049.0,49.0,1064,5,1065.0,5.0,1071.0,49.0,1060.5,0.0
26200,2,ORCHIDS,1057,10,1056.0,5.0,1049.0,50.0,1064,10,1065.0,5.0,1072.0,50.0,1060.5,0.0
26300,2,ORCHIDS,1057,6,1056.0,2.0,1049.0,40.0,1064,6,1065.0,2.0,1072.0,40.0,1060.5,0.0
26400,2,ORCHIDS,1056,7,1054.0,4.0,1048.0,43.0,1063,7,1064.0,4.0,1070.0,43.0,1059.5,0.0
26500,2,ORCHIDS,1056,10,1055.0,4.0,1049.0,53.0,1063,10,1065.0,4.0,1071.0,53.0,1059.5,0.0
26600,2,ORCHIDS,1056,7,1055.0,3.0,1049.0,43.0,1064,7,1065.0,3.0,1071.0,43.0,1060.0,0.0
26700,2,ORCHIDS,1057,10,1055.0,5.0,1049.0,49.0,1064,10,1065.0,5.0,1071.0,49.0,1060.5,0.0
26800,2,ORCHIDS,1056,6,1054.0,3.0,1048.0,50.0,1063,6,1064.0,3.0,1070.0,50.0,1059.5,0.0
26900,2,ORCHIDS,1059,10,1057.0,4.0,1051.0,51.0,1066,10,1067.0,4.0,1073.0,51.0,1062.5,0.0
27000,2,ORCHIDS,1060,10,1058.0,4.0,1052.0,52.0,1067,10,1068.0,4.0,1074.0,52.0,1063.5,0.0
27100,2,ORCHIDS,1060,8,1059.0,3.0,1052.0,51.0,1067,8,1068.0,3.0,1075.0,51.0,1063.5,0.0
27200,2,ORCHIDS,1059,9,1058.0,4.0,1052.0,51.0,1066,9,1068.0,4.0,1074.0,51.0,1062.5,0.0
27300,2,ORCHIDS,1057,5,1056.0,4.0,1050.0,47.0,1064,5,1066.0,4.0,1072.0,47.0,1060.5,0.0
27400,2,ORCHIDS,1058,7,1056.0,4.0,1050.0,42.0,1065,7,1066.0,4.0,1072.0,42.0,1061.5,0.0
27500,2,ORCHIDS,1059,7,1057.0,5.0,1051.0,52.0,1066,7,1067.0,5.0,1073.0,52.0,1062.5,0.0
27600,2,ORCHIDS,1059,9,1058.0,5.0,1051.0,47.0,1066,9,1067.0,5.0,1074.0,47.0,1062.5,0.0
27700,2,ORCHIDS,1059,5,1057.0,4.0,1051.0,49.0,1066,5,1067.0,4.0,1073.0,49.0,1062.5,0.0
27800,2,ORCHIDS,1058,9,1056.0,4.0,1050.0,45.0,1065,9,1066.0,4.0,1072.0,45.0,1061.5,0.0
27900,2,ORCHIDS,1059,10,1057.0,3.0,1051.0,50.0,1066,10,1067.0,3.0,1073.0,50.0,1062.5,0.0
28000,2,ORCHIDS,1060,9,1058.0,4.0,1052.0,51.0,1067,9,1068.0,4.0,1074.0,51.0,1063.5,0.0
28100,2,ORCHIDS,1060,7,1059.0,3.0,1053.0,41.0,1067,7,1069.0,3.0,1075.0,41.0,1063.5,0.0
28200,2,ORCHIDS,1060,10,1058.0,4.0,1052.0,56.0,1067,10,1068.0,4.0,1074.0,56.0,1063.5,0.0
28300,2,ORCHIDS,1058,8,1056.0,5.0,1050.0,47.0,1065,8,1066.0,5.0,1072.0,47.0,1061.5,0.0
28400,2,ORCHIDS,1057,8,1055.0,2.0,1049.0,43.0,1064,8,1065.0,2.0,1071.0,43.0,1060.5,0.0
28500,2,ORCHIDS,1057,5,1056.0,3.0,1050.0,37.0,1064,5,1066.0,3.0,1072.0,37.0,1060.5,0.0
28600,2,ORCHIDS,1057,10,1056.0,4.0,1050.0,44.0,1064,10,1066.0,4.0,1072.0,44.0,1060.5,0.0
28700,2,ORCHIDS,1056,8,1054.0,3.0,1048.0,46.0,1063,8,1064.0,3.0,1071.0,46.0,1059.5,0.0
28800,2,ORCHIDS,1055,8,1053.0,5.0,1047.0,47.0,1062,8,1063.0,5.0,1070.0,47.0,1058.5,0.0
28900,2,ORCHIDS,1054,8,1053.0,3.0,1047.0,42.0,1061,8,1063.0,3.0,1069.0,42.0,1057.5,0.0
29000,2,ORCHIDS,1056,9,1055.0,5.0,1049.0,48.0,1063,9,1065.0,5.0,1071.0,48.0,1059.5,0.0
29100,2,ORCHIDS,1056,9,1055.0,4.0,1048.0,49.0,1063,9,1064.0,4.0,1071.0,49.0,1059.5,0.0
29200,2,ORCHIDS,1056,6,1054.0,2.0,1048.0,44.0,1063,6,1064.0,2.0,1071.0,44.0,1059.5,0.0
29300,2,ORCHIDS,1055,9,1054.0,4.0,1048.0,48.0,1063,9,1064.0,4.0,1071.0,48.0,1059.0,0.0
29400,2,ORCHIDS,1054,10,1053.0,3.0,1047.0,45.0,1061,10,1063.0,3.0,1069.0,45.0,1057.5,0.0
29500,2,ORCHIDS,1055,7,1054.0,5.0,1048.0,41.0,1062,7,1064.0,5.0,1070.0,41.0,1058.5,0.0
29600,2,ORCHIDS,1058,8,1055.0,10.0,1054.0,2.0,1062,10,1064.0,2.0,1070.0,44.0,1060.0,0.0
29700,2,ORCHIDS,1053,7,1051.0,2.0,1045.0,54.0,1060,7,1061.0,2.0,1068.0,54.0,1056.5,0.0
29800,2,ORCHIDS,1053,6,1052.0,4.0,1045.0,54.0,1060,6,1061.0,4.0,1068.0,54.0,1056.5,0.0
29900,2,ORCHIDS,1054,6,1053.0,2.0,1047.0,47.0,1061,6,1063.0,2.0,1069.0,47.0,1057.5,0.0
30000,2,ORCHIDS,1055,7,1053.0,3.0,1047.0,50.0,1062,7,1063.0,3.0,1070.0,50.0,1058.5,0.0
30100,2,ORCHIDS,1057,8,1056.0,3.0,1050.0,46.0,1064,8,1066.0,3.0,1072.0,46.0,1060.5,0.0
30200,2,ORCHIDS,1055,9,1054.0,4.0,1048.0,48.0,1062,9,1064.0,4.0,1070.0,48.0,1058.5,0.0
30300,2,ORCHIDS,1056,9,1055.0,5.0,1049.0,44.0,1063,9,1065.0,5.0,1071.0,44.0,1059.5,0.0
30400,2,ORCHIDS,1058,7,1056.0,2.0,1050.0,40.0,1065,7,1066.0,2.0,1073.0,40.0,1061.5,0.0
30500,2,ORCHIDS,1057,5,1055.0,5.0,1049.0,45.0,1064,5,1065.0,5.0,1072.0,45.0,1060.5,0.0
30600,2,ORCHIDS,1057,6,1056.0,4.0,1050.0,52.0,1064,6,1066.0,4.0,1072.0,52.0,1060.5,0.0
30700,2,ORCHIDS,1054,8,1052.0,5.0,1046.0,54.0,1061,8,1062.0,5.0,1069.0,54.0,1057.5,0.0
30800,2,ORCHIDS,1052,8,1050.0,3.0,1044.0,52.0,1059,8,1060.0,3.0,1067.0,52.0,1055.5,0.0
30900,2,ORCHIDS,1052,9,1050.0,5.0,1044.0,51.0,1059,9,1060.0,5.0,1067.0,51.0,1055.5,0.0
31000,2,ORCHIDS,1050,7,1049.0,4.0,1043.0,47.0,1057,7,1059.0,4.0,1065.0,47.0,1053.5,0.0
31100,2,ORCHIDS,1049,8,1048.0,5.0,1042.0,56.0,1056,8,1058.0,5.0,1064.0,56.0,1052.5,0.0
31200,2,ORCHIDS,1055,5,1050.0,9.0,1049.0,4.0,1057,9,1059.0,4.0,1065.0,46.0,1056.0,0.0
31300,2,ORCHIDS,1050,7,1049.0,4.0,1042.0,48.0,1057,7,1058.0,4.0,1065.0,48.0,1053.5,0.0
31400,2,ORCHIDS,1049,5,1048.0,2.0,1042.0,52.0,1053,7,1056.0,5.0,1058.0,2.0,1051.0,0.0
31500,2,ORCHIDS,1049,8,1048.0,2.0,1042.0,43.0,1056,8,1058.0,2.0,1064.0,43.0,1052.5,0.0
31600,2,ORCHIDS,1049,7,1048.0,2.0,1042.0,47.0,1056,7,1058.0,2.0,1064.0,47.0,1052.5,0.0
31700,2,ORCHIDS,1048,8,1047.0,5.0,1041.0,45.0,1055,8,1057.0,5.0,1063.0,45.0,1051.5,0.0
31800,2,ORCHIDS,1046,6,1045.0,3.0,1039.0,55.0,1053,6,1055.0,3.0,1061.0,55.0,1049.5,0.0
31900,2,ORCHIDS,1047,6,1045.0,5.0,1039.0,51.0,1054,6,1055.0,5.0,1062.0,51.0,1050.5,0.0
32000,2,ORCHIDS,1047,9,1045.0,2.0,1039.0,58.0,1054,9,1055.0,2.0,1062.0,58.0,1050.5,0.0
32100,2,ORCHIDS,1046,8,1045.0,3.0,1039.0,53.0,1054,8,1055.0,3.0,1062.0,53.0,1050.0,0.0
32200,2,ORCHIDS,1047,5,1045.0,3.0,1039.0,47.0,1054,5,1055.0,3.0,1062.0,47.0,1050.5,0.0
32300,2,ORCHIDS,1047,5,1045.0,5.0,1039.0,38.0,1054,5,1055.0,5.0,1062.0,38.0,1050.5,0.0
32400,2,ORCHIDS,1046,6,1045.0,2.0,1039.0,51.0,1048,2,1053.0,6.0,1055.0,2.0,1047.0,0.0
32500,2,ORCHIDS,1048,9,1046.0,4.0,1040.0,52.0,1055,9,1056.0,4.0,1063.0,52.0,1051.5,0.0
32600,2,ORCHIDS,1048,7,1047.0,3.0,1041.0,44.0,1055,7,1057.0,3.0,1063.0,44.0,1051.5,0.0
32700,2,ORCHIDS,1047,7,1046.0,4.0,1040.0,49.0,1054,7,1056.0,4.0,1062.0,49.0,1050.5,0.0
32800,2,ORCHIDS,1047,5,1046.0,3.0,1040.0,48.0,1055,5,1056.0,3.0,1063.0,48.0,1051.0,0.0
32900,2,ORCHIDS,1047,9,1046.0,2.0,1040.0,48.0,1055,9,1056.0,2.0,1063.0,48.0,1051.0,0.0
33000,2,ORCHIDS,1049,10,1048.0,5.0,1042.0,48.0,1056,10,1058.0,5.0,1064.0,48.0,1052.5,0.0
33100,2,ORCHIDS,1047,7,1045.0,5.0,1039.0,45.0,1054,7,1055.0,5.0,1062.0,45.0,1050.5,0.0
33200,2,ORCHIDS,1045,9,1044.0,2.0,1038.0,47.0,1052,9,1054.0,2.0,1060.0,47.0,1048.5,0.0
33300,2,ORCHIDS,1047,7,1046.0,2.0,1040.0,57.0,1054,7,1056.0,2.0,1062.0,57.0,1050.5,0.0
33400,2,ORCHIDS,1046,9,1045.0,4.0,1039.0,49.0,1053,9,1055.0,4.0,1061.0,49.0,1049.5,0.0
33500,2,ORCHIDS,1048,6,1045.0,9.0,1043.0,5.0,1052,9,1053.0,5.0,1060.0,40.0,1050.0,0.0
33600,2,ORCHIDS,1045,8,1043.0,5.0,1037.0,51.0,1052,8,1053.0,5.0,1060.0,51.0,1048.5,0.0
33700,2,ORCHIDS,1044,9,1043.0,2.0,1037.0,59.0,1052,9,1053.0,2.0,1060.0,59.0,1048.0,0.0
33800,2,ORCHIDS,1044,7,1043.0,2.0,1037.0,56.0,1051,7,1053.0,2.0,1059.0,56.0,1047.5,0.0
33900,2,ORCHIDS,1043,5,1041.0,5.0,1035.0,38.0,1050,5,1051.0,5.0,1058.0,38.0,1046.5,0.0
34000,2,ORCHIDS,1042,7,1041.0,4.0,1035.0,48.0,1050,7,1051.0,4.0,1058.0,48.0,1046.0,0.0
34100,2,ORCHIDS,1042,7,1041.0,3.0,1035.0,48.0,1050,7,1051.0,3.0,1058.0,48.0,1046.0,0.0
34200,2,ORCHIDS,1042,9,1041.0,3.0,1035.0,52.0,1050,9,1051.0,3.0,1058.0,52.0,1046.0,0.0
34300,2,ORCHIDS,1042,5,1040.0,3.0,1034.0,46.0,1049,5,1050.0,3.0,1057.0,46.0,1045.5,0.0
34400,2,ORCHIDS,1043,5,1041.0,3.0,1035.0,52.0,1050,5,1051.0,3.0,1058.0,52.0,1046.5,0.0
34500,2,ORCHIDS,1043,9,1041.0,3.0,1035.0,53.0,1050,9,1051.0,3.0,1058.0,53.0,1046.5,0.0
34600,2,ORCHIDS,1044,5,1042.0,3.0,1036.0,46.0,1051,5,1052.0,3.0,1059.0,46.0,1047.5,0.0
34700,2,ORCHIDS,1043,10,1042.0,4.0,1036.0,49.0,1051,10,1052.0,4.0,1059.0,49.0,1047.0,0.0
34800,2,ORCHIDS,1044,7,1042.0,3.0,1036.0,54.0,1051,7,1052.0,3.0,1059.0,54.0,1047.5,0.0
34900,2,ORCHIDS,1044,7,1043.0,3.0,1037.0,43.0,1051,7,1053.0,3.0,1059.0,43.0,1047.5,0.0
35000,2,ORCHIDS,1042,6,1041.0,2.0,1035.0,47.0,1049,6,1051.0,2.0,1057.0,47.0,1045.5,0.0
35100,2,ORCHIDS,1043,6,1041.0,2.0,1035.0,47.0,1050,6,1051.0,2.0,1058.0,47.0,1046.5,0.0
35200,2,ORCHIDS,1042,5,1041.0,4.0,1035.0,38.0,1049,5,1051.0,4.0,1057.0,38.0,1045.5,0.0
35300,2,ORCHIDS,1043,5,1042.0,4.0,1036.0,48.0,1050,5,1052.0,4.0,1058.0,48.0,1046.5,0.0
35400,2,ORCHIDS,1043,7,1041.0,2.0,1035.0,49.0,1050,7,1051.0,2.0,1058.0,49.0,1046.5,0.0
35500,2,ORCHIDS,1045,10,1043.0,2.0,1037.0,47.0,1049,8,1052.0,10.0,1053.0,2.0,1047.0,0.0
35600,2,ORCHIDS,1045,7,1044.0,5.0,1038.0,49.0,1052,7,1054.0,5.0,1060.0,49.0,1048.5,0.0
35700,2,ORCHIDS,1045,8,1044.0,2.0,1038.0,53.0,1053,8,1054.0,2.0,1061.0,53.0,1049.0,0.0
35800,2,ORCHIDS,1049,10,1045.0,5.0,1044.0,5.0,1053,5,1054.0,5.0,1061.0,40.0,1051.0,0.0
35900,2,ORCHIDS,1044,10,1042.0,3.0,1036.0,50.0,1051,10,1052.0,3.0,1059.0,50.0,1047.5,0.0
36000,2,ORCHIDS,1042,9,1040.0,3.0,1034.0,50.0,1049,9,1050.0,3.0,1057.0,50.0,1045.5,0.0
36100,2,ORCHIDS,1038,7,1037.0,2.0,1031.0,39.0,1045,7,1047.0,2.0,1053.0,39.0,1041.5,0.0
36200,2,ORCHIDS,1036,6,1035.0,4.0,1029.0,50.0,1043,6,1045.0,4.0,1051.0,50.0,1039.5,0.0
36300,2,ORCHIDS,1038,9,1036.0,4.0,1030.0,52.0,1045,9,1046.0,4.0,1053.0,52.0,1041.5,0.0
36400,2,ORCHIDS,1038,6,1036.0,5.0,1030.0,46.0,1045,6,1046.0,5.0,1053.0,46.0,1041.5,0.0
36500,2,ORCHIDS,1038,8,1036.0,5.0,1030.0,41.0,1045,8,1046.0,5.0,1053.0,41.0,1041.5,0.0
36600,2,ORCHIDS,1038,5,1037.0,5.0,1031.0,42.0,1045,5,1047.0,5.0,1053.0,42.0,1041.5,0.0
36700,2,ORCHIDS,1040,6,1038.0,4.0,1032.0,49.0,1047,6,1048.0,4.0,1055.0,49.0,1043.5,0.0
36800,2,ORCHIDS,1040,10,1039.0,4.0,1033.0,59.0,1047,10,1049.0,4.0,1055.0,59.0,1043.5,0.0
36900,2,ORCHIDS,1042,6,1041.0,4.0,1035.0,43.0,1049,6,1051.0,4.0,1057.0,43.0,1045.5,0.0
37000,2,ORCHIDS,1042,8,1041.0,4.0,1035.0,51.0,1050,8,1051.0,4.0,1058.0,51.0,1046.0,0.0
37100,2,ORCHIDS,1042,6,1040.0,4.0,1034.0,43.0,1049,6,1050.0,4.0,1057.0,43.0,1045.5,0.0
37200,2,ORCHIDS,1041,10,1040.0,2.0,1034.0,54.0,1049,10,1050.0,2.0,1057.0,54.0,1045.0,0.0
37300,2,ORCHIDS,1041,5,1039.0,3.0,1033.0,46.0,1048,5,1049.0,3.0,1056.0,46.0,1044.5,0.0
37400,2,ORCHIDS,1039,7,1038.0,3.0,1032.0,41.0,1046,7,1048.0,3.0,1054.0,41.0,1042.5,0.0
37500,2,ORCHIDS,1040,5,1038.0,2.0,1032.0,50.0,1047,5,1048.0,2.0,1055.0,50.0,1043.5,0.0
37600,2,ORCHIDS,1042,9,1041.0,5.0,1035.0,52.0,1049,9,1051.0,5.0,1057.0,52.0,1045.5,0.0
37700,2,ORCHIDS,1041,10,1040.0,4.0,1034.0,50.0,1048,10,1050.0,4.0,1056.0,50.0,1044.5,0.0
37800,2,ORCHIDS,1043,5,1041.0,3.0,1035.0,47.0,1050,5,1051.0,3.0,1058.0,47.0,1046.5,0.0
37900,2,ORCHIDS,1042,5,1041.0,2.0,1035.0,43.0,1049,5,1051.0,2.0,1057.0,43.0,1045.5,0.0
38000,2,ORCHIDS,1042,5,1041.0,3.0,1035.0,53.0,1050,5,1051.0,3.0,1058.0,53.0,1046.0,0.0
38100,2,ORCHIDS,1044,7,1042.0,5.0,1036.0,55.0,1051,7,1052.0,5.0,1059.0,55.0,1047.5,0.0
38200,2,ORCHIDS,1043,6,1041.0,5.0,1035.0,43.0,1050,6,1051.0,5.0,1058.0,43.0,1046.5,0.0
38300,2,ORCHIDS,1042,8,1041.0,4.0,1035.0,41.0,1050,8,1051.0,4.0,1058.0,41.0,1046.0,0.0
38400,2,ORCHIDS,1042,5,1041.0,3.0,1035.0,40.0,1050,5,1051.0,3.0,1058.0,40.0,1046.0,0.0
38500,2,ORCHIDS,1044,7,1042.0,5.0,1036.0,47.0,1051,7,1052.0,5.0,1059.0,47.0,1047.5,0.0
38600,2,ORCHIDS,1042,8,1041.0,2.0,1035.0,48.0,1049,8,1051.0,2.0,1057.0,48.0,1045.5,0.0
38700,2,ORCHIDS,1042,5,1041.0,5.0,1035.0,51.0,1049,5,1051.0,5.0,1057.0,51.0,1045.5,0.0
38800,2,ORCHIDS,1041,7,1040.0,5.0,1034.0,54.0,1048,7,1050.0,5.0,1056.0,54.0,1044.5,0.0
38900,2,ORCHIDS,1043,5,1042.0,2.0,1036.0,47.0,1050,5,1052.0,2.0,1058.0,47.0,1046.5,0.0
39000,2,ORCHIDS,1041,9,1040.0,2.0,1034.0,49.0,1048,9,1050.0,2.0,1056.0,49.0,1044.5,0.0
39100,2,ORCHIDS,1041,10,1040.0,3.0,1034.0,60.0,1048,10,1050.0,3.0,1056.0,60.0,1044.5,0.0
39200,2,ORCHIDS,1040,7,1038.0,5.0,1032.0,47.0,1047,7,1048.0,5.0,1055.0,47.0,1043.5,0.0
39300,2,ORCHIDS,1040,7,1039.0,3.0,1032.0,50.0,1047,7,1048.0,3.0,1055.0,50.0,1043.5,0.0
39400,2,ORCHIDS,1040,8,1039.0,3.0,1032.0,40.0,1047,8,1048.0,3.0,1055.0,40.0,1043.5,0.0
39500,2,ORCHIDS,1038,10,1037.0,4.0,1031.0,41.0,1045,10,1047.0,4.0,1053.0,41.0,1041.5,0.0
39600,2,ORCHIDS,1037,8,1036.0,4.0,1030.0,47.0,1044,8,1046.0,4.0,1052.0,47.0,1040.5,0.0
39700,2,ORCHIDS,1038,6,1036.0,3.0,1030.0,38.0,1045,6,1046.0,3.0,1053.0,38.0,1041.5,0.0
39800,2,ORCHIDS,1036,9,1035.0,5.0,1029.0,55.0,1043,9,1045.0,5.0,1051.0,55.0,1039.5,0.0
39900,2,ORCHIDS,1036,6,1035.0,4.0,1029.0,41.0,1043,6,1045.0,4.0,1051.0,41.0,1039.5,0.0
40000,2,ORCHIDS,1037,6,1035.0,4.0,1029.0,49.0,1044,6,1045.0,4.0,1052.0,49.0,1040.5,0.0
40100,2,ORCHIDS,1034,6,1033.0,3.0,1027.0,39.0,1041,6,1043.0,3.0,1049.0,39.0,1037.5,0.0
40200,2,ORCHIDS,1035,9,1034.0,4.0,1028.0,43.0,1042,9,1043.0,4.0,1049.0,43.0,1038.5,0.0
40300,2,ORCHIDS,1036,10,1035.0,2.0,1029.0,45.0,1043,10,1044.0,2.0,1050.0,45.0,1039.5,0.0
40400,2,ORCHIDS,1034,7,1033.0,2.0,1028.0,45.0,1041,7,1042.0,2.0,1048.0,45.0,1037.5,0.0
40500,2,ORCHIDS,1033,6,1032.0,4.0,1026.0,51.0,1040,6,1041.0,4.0,1047.0,51.0,1036.5,0.0
40600,2,ORCHIDS,1035,6,1034.0,2.0,1028.0,41.0,1042,6,1043.0,2.0,1049.0,41.0,1038.5,0.0
40700,2,ORCHIDS,1035,8,1034.0,4.0,1028.0,49.0,1041,8,1042.0,4.0,1049.0,49.0,1038.0,0.0
40800,2,ORCHIDS,1035,8,1034.0,2.0,1029.0,47.0,1042,8,1043.0,2.0,1049.0,47.0,1038.5,0.0
40900,2,ORCHIDS,1033,8,1032.0,4.0,1027.0,41.0,1040,8,1041.0,4.0,1047.0,41.0,1036.5,0.0
41000,2,ORCHIDS,1034,10,1033.0,3.0,1027.0,54.0,1041,10,1042.0,3.0,1048.0,54.0,1037.5,0.0
41100,2,ORCHIDS,1034,6,1033.0,2.0,1028.0,45.0,1041,6,1042.0,2.0,1048.0,45.0,1037.5,0.0
41200,2,ORCHIDS,1035,9,1034.0,3.0,1028.0,48.0,1041,9,1042.0,3.0,1049.0,48.0,1038.0,0.0
41300,2,ORCHIDS,1034,10,1033.0,2.0,1027.0,47.0,1041,10,1042.0,2.0,1048.0,47.0,1037.5,0.0
41400,2,ORCHIDS,1034,6,1033.0,5.0,1027.0,56.0,1040,6,1041.0,5.0,1048.0,56.0,1037.0,0.0
41500,2,ORCHIDS,1033,8,1032.0,5.0,1027.0,55.0,1040,8,1041.0,5.0,1047.0,55.0,1036.5,0.0
41600,2,ORCHIDS,1033,9,1032.0,2.0,1026.0,51.0,1040,9,1041.0,2.0,1047.0,51.0,1036.5,0.0
41700,2,ORCHIDS,1038,3,1033.0,10.0,1032.0,3.0,1040,10,1041.0,3.0,1047.0,47.0,1039.0,0.0
41800,2,ORCHIDS,1032,5,1031.0,4.0,1026.0,42.0,1039,5,1040.0,4.0,1046.0,42.0,1035.5,0.0
41900,2,ORCHIDS,1031,5,1030.0,3.0,1024.0,43.0,1038,5,1039.0,3.0,1045.0,43.0,1034.5,0.0
42000,2,ORCHIDS,1032,10,1031.0,3.0,1025.0,52.0,1039,10,1040.0,3.0,1046.0,52.0,1035.5,0.0
42100,2,ORCHIDS,1037,2,1032.0,10.0,1031.0,3.0,1039,10,1040.0,3.0,1046.0,46.0,1038.0,0.0
42200,2,ORCHIDS,1035,9,1034.0,5.0,1028.0,51.0,1042,9,1043.0,5.0,1049.0,51.0,1038.5,0.0
42300,2,ORCHIDS,1032,9,1031.0,2.0,1025.0,49.0,1039,9,1040.0,2.0,1046.0,49.0,1035.5,0.0
42400,2,ORCHIDS,1031,9,1030.0,2.0,1024.0,39.0,1038,9,1039.0,2.0,1045.0,39.0,1034.5,0.0
42500,2,ORCHIDS,1029,9,1028.0,4.0,1022.0,58.0,1036,9,1037.0,4.0,1043.0,58.0,1032.5,0.0
42600,2,ORCHIDS,1029,8,1028.0,2.0,1022.0,47.0,1036,8,1037.0,2.0,1043.0,47.0,1032.5,0.0
42700,2,ORCHIDS,1027,9,1026.0,2.0,1020.0,55.0,1034,9,1035.0,2.0,1041.0,55.0,1030.5,0.0
42800,2,ORCHIDS,1027,8,1026.0,3.0,1020.0,56.0,1034,8,1035.0,3.0,1041.0,56.0,1030.5,0.0
42900,2,ORCHIDS,1025,7,1024.0,5.0,1018.0,48.0,1032,7,1033.0,5.0,1039.0,48.0,1028.5,0.0
43000,2,ORCHIDS,1025,5,1024.0,2.0,1018.0,38.0,1032,5,1033.0,2.0,1039.0,38.0,1028.5,0.0
43100,2,ORCHIDS,1027,6,1026.0,3.0,1020.0,41.0,1034,6,1035.0,3.0,1041.0,41.0,1030.5,0.0
43200,2,ORCHIDS,1026,9,1025.0,2.0,1019.0,44.0,1033,9,1034.0,2.0,1040.0,44.0,1029.5,0.0
43300,2,ORCHIDS,1027,9,1026.0,2.0,1020.0,51.0,1034,9,1035.0,2.0,1041.0,51.0,1030.5,0.0
43400,2,ORCHIDS,1027,9,1026.0,2.0,1020.0,48.0,1034,9,1035.0,2.0,1041.0,48.0,1030.5,0.0
43500,2,ORCHIDS,1027,7,1026.0,3.0,1020.0,44.0,1034,7,1035.0,3.0,1041.0,44.0,1030.5,0.0
43600,2,ORCHIDS,1027,6,1026.0,4.0,1020.0,51.0,1034,6,1035.0,4.0,1041.0,51.0,1030.5,0.0
43700,2,ORCHIDS,1026,5,1025.0,3.0,1019.0,45.0,1030,10,1033.0,5.0,1034.0,3.0,1028.0,0.0
43800,2,ORCHIDS,1022,8,1021.0,4.0,1015.0,44.0,1029,8,1030.0,4.0,1036.0,44.0,1025.5,0.0
43900,2,ORCHIDS,1022,10,1021.0,2.0,1015.0,49.0,1029,10,1030.0,2.0,1036.0,49.0,1025.5,0.0
44000,2,ORCHIDS,1022,7,1021.0,2.0,1015.0,42.0,1029,7,1030.0,2.0,1036.0,42.0,1025.5,0.0
44100,2,ORCHIDS,1024,7,1023.0,3.0,1017.0,42.0,1031,7,1032.0,3.0,1038.0,42.0,1027.5,0.0
44200,2,ORCHIDS,1023,10,1022.0,2.0,1016.0,52.0,1030,10,1031.0,2.0,1037.0,52.0,1026.5,0.0
44300,2,ORCHIDS,1023,10,1022.0,3.0,1016.0,45.0,1030,10,1031.0,3.0,1037.0,45.0,1026.5,0.0
44400,2,ORCHIDS,1024,8,1023.0,2.0,1017.0,44.0,1031,8,1032.0,2.0,1038.0,44.0,1027.5,0.0
44500,2,ORCHIDS,1024,6,1023.0,2.0,1017.0,47.0,1031,6,1032.0,2.0,1038.0,47.0,1027.5,0.0
44600,2,ORCHIDS,1026,8,1025.0,5.0,1019.0,46.0,1033,8,1034.0,5.0,1040.0,46.0,1029.5,0.0
44700,2,ORCHIDS,1027,6,1026.0,3.0,1020.0,54.0,1029,4,1034.0,6.0,1035.0,3.0,1028.0,0.0
44800,2,ORCHIDS,1028,6,1027.0,3.0,1021.0,43.0,1035,6,1036.0,3.0,1042.0,43.0,1031.5,0.0
44900,2,ORCHIDS,1030,5,1029.0,2.0,1023.0,52.0,1037,5,1038.0,2.0,1044.0,52.0,1033.5,0.0
45000,2,ORCHIDS,1030,5,1029.0,3.0,1023.0,41.0,1037,5,1038.0,3.0,1044.0,41.0,1033.5,0.0
45100,2,ORCHIDS,1030,9,1029.0,5.0,1023.0,48.0,1037,9,1038.0,5.0,1044.0,48.0,1033.5,0.0
45200,2,ORCHIDS,1031,10,1030.0,3.0,1024.0,47.0,1038,10,1039.0,3.0,1045.0,47.0,1034.5,0.0
45300,2,ORCHIDS,1034,6,1033.0,5.0,1027.0,44.0,1041,6,1042.0,5.0,1048.0,44.0,1037.5,0.0
45400,2,ORCHIDS,1033,7,1032.0,3.0,1026.0,50.0,1040,7,1041.0,3.0,1047.0,50.0,1036.5,0.0
45500,2,ORCHIDS,1034,5,1033.0,5.0,1027.0,50.0,1041,5,1042.0,5.0,1048.0,50.0,1037.5,0.0
45600,2,ORCHIDS,1033,6,1032.0,2.0,1026.0,48.0,1041,6,1042.0,2.0,1048.0,48.0,1037.0,0.0
45700,2,ORCHIDS,1035,8,1034.0,3.0,1028.0,55.0,1042,8,1043.0,3.0,1049.0,55.0,1038.5,0.0
45800,2,ORCHIDS,1034,6,1033.0,3.0,1027.0,51.0,1041,6,1042.0,3.0,1048.0,51.0,1037.5,0.0
45900,2,ORCHIDS,1033,6,1032.0,4.0,1026.0,46.0,1040,6,1041.0,4.0,1047.0,46.0,1036.5,0.0
46000,2,ORCHIDS,1031,8,1030.0,2.0,1024.0,55.0,1033,2,1038.0,8.0,1039.0,2.0,1032.0,0.0
46100,2,ORCHIDS,1033,5,1032.0,2.0,1026.0,41.0,1040,5,1041.0,2.0,1047.0,41.0,1036.5,0.0
46200,2,ORCHIDS,1032,6,1031.0,4.0,1025.0,54.0,1039,6,1040.0,4.0,1046.0,54.0,1035.5,0.0
46300,2,ORCHIDS,1031,5,1030.0,3.0,1024.0,41.0,1039,5,1040.0,3.0,1046.0,41.0,1035.0,0.0
46400,2,ORCHIDS,1034,7,1033.0,3.0,1027.0,56.0,1041,7,1042.0,3.0,1048.0,56.0,1037.5,0.0
46500,2,ORCHIDS,1034,6,1033.0,2.0,1027.0,49.0,1041,6,1042.0,2.0,1048.0,49.0,1037.5,0.0
46600,2,ORCHIDS,1034,7,1033.0,4.0,1027.0,55.0,1041,7,1042.0,4.0,1048.0,55.0,1037.5,0.0
46700,2,ORCHIDS,1033,10,1032.0,3.0,1026.0,54.0,1040,10,1041.0,3.0,1047.0,54.0,1036.5,0.0
46800,2,ORCHIDS,1031,5,1030.0,4.0,1024.0,43.0,1038,5,1039.0,4.0,1045.0,43.0,1034.5,0.0
46900,2,ORCHIDS,1031,10,1030.0,3.0,1024.0,48.0,1039,10,1040.0,3.0,1046.0,48.0,1035.0,0.0
47000,2,ORCHIDS,1031,5,1030.0,3.0,1024.0,48.0,1035,7,1038.0,5.0,1039.0,3.0,1033.0,0.0
47100,2,ORCHIDS,1029,7,1028.0,5.0,1022.0,53.0,1036,7,1037.0,5.0,1043.0,53.0,1032.5,0.0
47200,2,ORCHIDS,1029,10,1028.0,4.0,1022.0,52.0,1036,10,1037.0,4.0,1043.0,52.0,1032.5,0.0
47300,2,ORCHIDS,1028,10,1027.0,4.0,1021.0,52.0,1035,10,1036.0,4.0,1042.0,52.0,1031.5,0.0
47400,2,ORCHIDS,1028,10,1027.0,4.0,1021.0,51.0,1036,10,1037.0,4.0,1043.0,51.0,1032.0,0.0
47500,2,ORCHIDS,1030,8,1029.0,5.0,1023.0,48.0,1037,8,1038.0,5.0,1044.0,48.0,1033.5,0.0
47600,2,ORCHIDS,1030,9,1029.0,2.0,1023.0,43.0,1037,9,1038.0,2.0,1044.0,43.0,1033.5,0.0
47700,2,ORCHIDS,1031,7,1030.0,2.0,1024.0,44.0,1038,7,1039.0,2.0,1045.0,44.0,1034.5,0.0
47800,2,ORCHIDS,1031,10,1030.0,2.0,1024.0,49.0,1038,10,1039.0,2.0,1045.0,49.0,1034.5,0.0
47900,2,ORCHIDS,1032,6,1031.0,4.0,1025.0,55.0,1039,6,1040.0,4.0,1046.0,55.0,1035.5,0.0
48000,2,ORCHIDS,1032,6,1031.0,4.0,1025.0,52.0,1039,6,1040.0,4.0,1046.0,52.0,1035.5,0.0
48100,2,ORCHIDS,1033,10,1032.0,5.0,1026.0,44.0,1040,10,1041.0,5.0,1047.0,44.0,1036.5,0.0
48200,2,ORCHIDS,1035,8,1034.0,3.0,1028.0,50.0,1042,8,1043.0,3.0,1049.0,50.0,1038.5,0.0
48300,2,ORCHIDS,1034,6,1033.0,5.0,1027.0,44.0,1041,6,1042.0,5.0,1048.0,44.0,1037.5,0.0
48400,2,ORCHIDS,1035,7,1034.0,5.0,1028.0,43.0,1042,7,1043.0,5.0,1049.0,43.0,1038.5,0.0
48500,2,ORCHIDS,1036,6,1035.0,5.0,1029.0,40.0,1043,6,1044.0,5.0,1050.0,40.0,1039.5,0.0
48600,2,ORCHIDS,1036,7,1035.0,3.0,1029.0,53.0,1043,7,1044.0,3.0,1050.0,53.0,1039.5,0.0
48700,2,ORCHIDS,1038,10,1037.0,5.0,1031.0,48.0,1045,10,1046.0,5.0,1052.0,48.0,1041.5,0.0
48800,2,ORCHIDS,1037,9,1036.0,5.0,1030.0,50.0,1045,9,1046.0,5.0,1052.0,50.0,1041.0,0.0
48900,2,ORCHIDS,1037,6,1036.0,4.0,1030.0,46.0,1045,6,1046.0,4.0,1052.0,46.0,1041.0,0.0
49000,2,ORCHIDS,1037,7,1036.0,4.0,1030.0,40.0,1045,7,1046.0,4.0,1052.0,40.0,1041.0,0.0
49100,2,ORCHIDS,1037,10,1036.0,4.0,1030.0,45.0,1045,10,1046.0,4.0,1052.0,45.0,1041.0,0.0
49200,2,ORCHIDS,1039,6,1038.0,4.0,1032.0,41.0,1046,6,1047.0,4.0,1053.0,41.0,1042.5,0.0
49300,2,ORCHIDS,1039,5,1038.0,3.0,1032.0,51.0,1046,5,1047.0,3.0,1053.0,51.0,1042.5,0.0
49400,2,ORCHIDS,1039,10,1038.0,5.0,1032.0,46.0,1046,10,1047.0,5.0,1053.0,46.0,1042.5,0.0
49500,2,ORCHIDS,1039,8,1038.0,2.0,1032.0,40.0,1046,8,1047.0,2.0,1053.0,40.0,1042.5,0.0
49600,2,ORCHIDS,1039,5,1038.0,2.0,1032.0,46.0,1046,5,1047.0,2.0,1053.0,46.0,1042.5,0.0
49700,2,ORCHIDS,1041,10,1040.0,3.0,1034.0,44.0,1048,10,1049.0,3.0,1055.0,44.0,1044.5,0.0
49800,2,ORCHIDS,1042,6,1041.0,4.0,1035.0,44.0,1049,6,1050.0,4.0,1056.0,44.0,1045.5,0.0
49900,2,ORCHIDS,1040,9,1039.0,2.0,1033.0,52.0,1047,9,1048.0,2.0,1054.0,52.0,1043.5,0.0
50000,2,ORCHIDS,1041,10,1040.0,2.0,1034.0,54.0,1048,10,1049.0,2.0,1055.0,54.0,1044.5,0.0
50100,2,ORCHIDS,1041,9,1040.0,5.0,1034.0,49.0,1048,9,1049.0,5.0,1055.0,49.0,1044.5,0.0
50200,2,ORCHIDS,1040,6,1039.0,5.0,1033.0,52.0,1047,6,1048.0,5.0,1054.0,52.0,1043.5,0.0
50300,2,ORCHIDS,1041,8,1040.0,3.0,1034.0,48.0,1048,8,1049.0,3.0,1055.0,48.0,1044.5,0.0
50400,2,ORCHIDS,1045,6,1042.0,6.0,1041.0,5.0,1049,6,1050.0,5.0,1056.0,44.0,1047.0,0.0
50500,2,ORCHIDS,1044,8,1043.0,4.0,1037.0,57.0,1051,8,1052.0,4.0,1058.0,57.0,1047.5,0.0
50600,2,ORCHIDS,1045,7,1044.0,5.0,1038.0,40.0,1052,7,1053.0,5.0,1059.0,40.0,1048.5,0.0
50700,2,ORCHIDS,1046,7,1045.0,4.0,1039.0,52.0,1053,7,1054.0,4.0,1060.0,52.0,1049.5,0.0
50800,2,ORCHIDS,1046,6,1045.0,5.0,1039.0,40.0,1053,6,1054.0,5.0,1060.0,40.0,1049.5,0.0
50900,2,ORCHIDS,1044,6,1043.0,2.0,1037.0,48.0,1048,10,1051.0,6.0,1052.0,2.0,1046.0,0.0
51000,2,ORCHIDS,1045,7,1044.0,3.0,1038.0,47.0,1052,7,1053.0,3.0,1059.0,47.0,1048.5,0.0
51100,2,ORCHIDS,1045,10,1044.0,3.0,1038.0,45.0,1052,10,1053.0,3.0,1059.0,45.0,1048.5,0.0
51200,2,ORCHIDS,1044,7,1043.0,2.0,1037.0,43.0,1052,7,1053.0,2.0,1059.0,43.0,1048.0,0.0
51300,2,ORCHIDS,1046,8,1045.0,4.0,1039.0,44.0,1053,8,1054.0,4.0,1060.0,44.0,1049.5,0.0
51400,2,ORCHIDS,1046,5,1045.0,5.0,1039.0,48.0,1053,5,1054.0,5.0,1060.0,48.0,1049.5,0.0
51500,2,ORCHIDS,1045,6,1044.0,5.0,1038.0,39.0,1052,6,1053.0,5.0,1059.0,39.0,1048.5,0.0
51600,2,ORCHIDS,1047,10,1046.0,4.0,1040.0,51.0,1054,10,1055.0,4.0,1061.0,51.0,1050.5,0.0
51700,2,ORCHIDS,1047,5,1046.0,3.0,1040.0,46.0,1054,5,1055.0,3.0,1061.0,46.0,1050.5,0.0
51800,2,ORCHIDS,1046,10,1045.0,5.0,1039.0,44.0,1054,10,1055.0,5.0,1061.0,44.0,1050.0,0.0
51900,2,ORCHIDS,1045,6,1044.0,4.0,1038.0,46.0,1052,6,1053.0,4.0,1059.0,46.0,1048.5,0.0
52000,2,ORCHIDS,1045,7,1044.0,2.0,1038.0,45.0,1053,7,1054.0,2.0,1060.0,45.0,1049.0,0.0
52100,2,ORCHIDS,1045,6,1044.0,4.0,1038.0,44.0,1053,6,1054.0,4.0,1060.0,44.0,1049.0,0.0
52200,2,ORCHIDS,1044,7,1043.0,4.0,1037.0,49.0,1051,7,1052.0,4.0,1058.0,49.0,1047.5,0.0
52300,2,ORCHIDS,1043,7,1042.0,4.0,1036.0,46.0,1050,7,1051.0,4.0,1057.0,46.0,1046.5,0.0
52400,2,ORCHIDS,1043,6,1042.0,2.0,1036.0,43.0,1050,6,1051.0,2.0,1057.0,43.0,1046.5,0.0
52500,2,ORCHIDS,1043,8,1042.0,3.0,1036.0,42.0,1050,8,1051.0,3.0,1057.0,42.0,1046.5,0.0
52600,2,ORCHIDS,1043,7,1042.0,3.0,1036.0,42.0,1050,7,1051.0,3.0,1057.0,42.0,1046.5,0.0
52700,2,ORCHIDS,1043,6,1042.0,3.0,1036.0,45.0,1050,6,1051.0,3.0,1057.0,45.0,1046.5,0.0
52800,2,ORCHIDS,1044,7,1043.0,2.0,1037.0,40.0,1051,7,1052.0,2.0,1058.0,40.0,1047.5,0.0
52900,2,ORCHIDS,1041,7,1040.0,3.0,1034.0,50.0,1048,7,1049.0,3.0,1055.0,50.0,1044.5,0.0
53000,2,ORCHIDS,1043,10,1042.0,2.0,1036.0,58.0,1050,10,1051.0,2.0,1057.0,58.0,1046.5,0.0
53100,2,ORCHIDS,1043,7,1042.0,4.0,1036.0,47.0,1050,7,1051.0,4.0,1057.0,47.0,1046.5,0.0
53200,2,ORCHIDS,1041,7,1040.0,5.0,1034.0,44.0,1048,7,1049.0,5.0,1055.0,44.0,1044.5,0.0
53300,2,ORCHIDS,1040,10,1039.0,5.0,1033.0,50.0,1047,10,1048.0,5.0,1054.0,50.0,1043.5,0.0
53400,2,ORCHIDS,1042,9,1041.0,2.0,1035.0,46.0,1049,9,1050.0,2.0,1056.0,46.0,1045.5,0.0
53500,2,ORCHIDS,1042,7,1041.0,2.0,1035.0,43.0,1049,7,1050.0,2.0,1056.0,43.0,1045.5,0.0
53600,2,ORCHIDS,1042,9,1041.0,5.0,1035.0,51.0,1049,9,1050.0,5.0,1056.0,51.0,1045.5,0.0
53700,2,ORCHIDS,1042,10,1041.0,2.0,1035.0,44.0,1049,10,1050.0,2.0,1056.0,44.0,1045.5,0.0
53800,2,ORCHIDS,1043,9,1042.0,2.0,1036.0,53.0,1050,9,1051.0,2.0,1057.0,53.0,1046.5,0.0
53900,2,ORCHIDS,1041,6,1040.0,4.0,1034.0,48.0,1048,6,1049.0,4.0,1055.0,48.0,1044.5,0.0
54000,2,ORCHIDS,1044,10,1040.0,5.0,1039.0,4.0,1048,5,1049.0,4.0,1055.0,44.0,1046.0,0.0
54100,2,ORCHIDS,1040,6,1039.0,5.0,1033.0,47.0,1047,6,1048.0,5.0,1054.0,47.0,1043.5,0.0
54200,2,ORCHIDS,1042,5,1041.0,4.0,1035.0,46.0,1044,5,1049.0,5.0,1050.0,4.0,1043.0,0.0
54300,2,ORCHIDS,1042,6,1041.0,4.0,1035.0,44.0,1049,6,1050.0,4.0,1056.0,44.0,1045.5,0.0
54400,2,ORCHIDS,1043,7,1042.0,5.0,1036.0,43.0,1050,7,1051.0,5.0,1057.0,43.0,1046.5,0.0
54500,2,ORCHIDS,1046,8,1045.0,5.0,1039.0,46.0,1053,8,1054.0,5.0,1060.0,46.0,1049.5,0.0
54600,2,ORCHIDS,1045,9,1044.0,4.0,1038.0,40.0,1052,9,1053.0,4.0,1059.0,40.0,1048.5,0.0
54700,2,ORCHIDS,1044,5,1043.0,3.0,1037.0,41.0,1051,5,1052.0,3.0,1058.0,41.0,1047.5,0.0
54800,2,ORCHIDS,1043,7,1042.0,2.0,1036.0,45.0,1050,7,1051.0,2.0,1057.0,45.0,1046.5,0.0
54900,2,ORCHIDS,1044,7,1043.0,3.0,1037.0,48.0,1051,7,1052.0,3.0,1058.0,48.0,1047.5,0.0
55000,2,ORCHIDS,1044,10,1043.0,5.0,1037.0,53.0,1051,10,1052.0,5.0,1058.0,53.0,1047.5,0.0
55100,2,ORCHIDS,1044,8,1043.0,4.0,1037.0,41.0,1051,8,1052.0,4.0,1058.0,41.0,1047.5,0.0
55200,2,ORCHIDS,1046,5,1045.0,3.0,1039.0,40.0,1053,5,1054.0,3.0,1060.0,40.0,1049.5,0.0
55300,2,ORCHIDS,1047,5,1046.0,3.0,1040.0,48.0,1054,5,1055.0,3.0,1061.0,48.0,1050.5,0.0
55400,2,ORCHIDS,1047,8,1046.0,4.0,1040.0,51.0,1055,8,1056.0,4.0,1062.0,51.0,1051.0,0.0
55500,2,ORCHIDS,1049,7,1048.0,2.0,1042.0,56.0,1056,7,1057.0,2.0,1063.0,56.0,1052.5,0.0
55600,2,ORCHIDS,1049,10,1048.0,4.0,1042.0,50.0,1056,10,1057.0,4.0,1063.0,50.0,1052.5,0.0
55700,2,ORCHIDS,1049,6,1048.0,3.0,1042.0,46.0,1056,6,1057.0,3.0,1063.0,46.0,1052.5,0.0
55800,2,ORCHIDS,1049,7,1048.0,5.0,1042.0,42.0,1056,7,1057.0,5.0,1063.0,42.0,1052.5,0.0
55900,2,ORCHIDS,1048,7,1047.0,2.0,1041.0,51.0,1055,7,1056.0,2.0,1062.0,51.0,1051.5,0.0
56000,2,ORCHIDS,1047,5,1046.0,2.0,1040.0,53.0,1054,5,1055.0,2.0,1061.0,53.0,1050.5,0.0
56100,2,ORCHIDS,1047,8,1046.0,5.0,1040.0,46.0,1055,8,1056.0,5.0,1062.0,46.0,1051.0,0.0
56200,2,ORCHIDS,1047,8,1046.0,4.0,1040.0,49.0,1054,8,1055.0,4.0,1061.0,49.0,1050.5,0.0
56300,2,ORCHIDS,1045,8,1044.0,5.0,1038.0,48.0,1052,8,1053.0,5.0,1059.0,48.0,1048.5,0.0
56400,2,ORCHIDS,1045,5,1044.0,3.0,1038.0,47.0,1052,5,1053.0,3.0,1059.0,47.0,1048.5,0.0
56500,2,ORCHIDS,1045,6,1044.0,2.0,1038.0,46.0,1052,6,1053.0,2.0,1059.0,46.0,1048.5,0.0
56600,2,ORCHIDS,1042,6,1041.0,4.0,1035.0,40.0,1049,6,1050.0,4.0,1056.0,40.0,1045.5,0.0
56700,2,ORCHIDS,1042,5,1041.0,4.0,1035.0,40.0,1050,5,1051.0,4.0,1057.0,40.0,1046.0,0.0
56800,2,ORCHIDS,1043,9,1042.0,4.0,1036.0,51.0,1050,9,1051.0,4.0,1057.0,51.0,1046.5,0.0
56900,2,ORCHIDS,1043,6,1042.0,3.0,1036.0,42.0,1051,6,1052.0,3.0,1058.0,42.0,1047.0,0.0
57000,2,ORCHIDS,1043,6,1042.0,2.0,1036.0,50.0,1050,6,1051.0,2.0,1057.0,50.0,1046.5,0.0
57100,2,ORCHIDS,1044,8,1043.0,2.0,1037.0,49.0,1051,8,1052.0,2.0,1058.0,49.0,1047.5,0.0
57200,2,ORCHIDS,1046,7,1045.0,3.0,1039.0,42.0,1053,7,1054.0,3.0,1060.0,42.0,1049.5,0.0
57300,2,ORCHIDS,1047,7,1046.0,4.0,1040.0,44.0,1054,7,1055.0,4.0,1061.0,44.0,1050.5,0.0
57400,2,ORCHIDS,1048,5,1047.0,5.0,1041.0,44.0,1055,5,1056.0,5.0,1062.0,44.0,1051.5,0.0
57500,2,ORCHIDS,1046,8,1045.0,3.0,1039.0,56.0,1053,8,1054.0,3.0,1060.0,56.0,1049.5,0.0
57600,2,ORCHIDS,1049,10,1046.0,7.0,1045.0,5.0,1053,7,1054.0,5.0,1060.0,45.0,1051.0,0.0
57700,2,ORCHIDS,1046,8,1045.0,5.0,1039.0,43.0,1053,8,1054.0,5.0,1060.0,43.0,1049.5,0.0
57800,2,ORCHIDS,1048,8,1047.0,4.0,1041.0,48.0,1055,8,1056.0,4.0,1062.0,48.0,1051.5,0.0
57900,2,ORCHIDS,1048,8,1047.0,5.0,1041.0,43.0,1055,8,1056.0,5.0,1062.0,43.0,1051.5,0.0
58000,2,ORCHIDS,1045,7,1044.0,5.0,1038.0,47.0,1052,7,1053.0,5.0,1059.0,47.0,1048.5,0.0
58100,2,ORCHIDS,1050,6,1047.0,6.0,1046.0,3.0,1054,6,1055.0,3.0,1061.0,45.0,1052.0,0.0
58200,2,ORCHIDS,1048,5,1047.0,4.0,1041.0,38.0,1055,5,1056.0,4.0,1062.0,38.0,1051.5,0.0
58300,2,ORCHIDS,1049,10,1048.0,4.0,1042.0,54.0,1053,6,1056.0,10.0,1057.0,4.0,1051.0,0.0
58400,2,ORCHIDS,1045,5,1044.0,2.0,1039.0,47.0,1052,5,1053.0,2.0,1059.0,47.0,1048.5,0.0
58500,2,ORCHIDS,1048,5,1047.0,4.0,1042.0,48.0,1055,5,1056.0,4.0,1062.0,48.0,1051.5,0.0
58600,2,ORCHIDS,1048,5,1047.0,3.0,1042.0,45.0,1055,5,1056.0,3.0,1062.0,45.0,1051.5,0.0
58700,2,ORCHIDS,1050,7,1049.0,5.0,1044.0,39.0,1057,7,1058.0,5.0,1064.0,39.0,1053.5,0.0
58800,2,ORCHIDS,1052,5,1051.0,2.0,1045.0,43.0,1059,5,1060.0,2.0,1066.0,43.0,1055.5,0.0
58900,2,ORCHIDS,1052,7,1051.0,3.0,1046.0,47.0,1056,7,1059.0,7.0,1060.0,3.0,1054.0,0.0
59000,2,ORCHIDS,1053,9,1052.0,4.0,1047.0,50.0,1060,9,1061.0,4.0,1067.0,50.0,1056.5,0.0
59100,2,ORCHIDS,1053,9,1052.0,3.0,1047.0,58.0,1060,9,1061.0,3.0,1067.0,58.0,1056.5,0.0
59200,2,ORCHIDS,1052,7,1051.0,3.0,1046.0,43.0,1059,7,1060.0,3.0,1066.0,43.0,1055.5,0.0
59300,2,ORCHIDS,1054,6,1053.0,3.0,1047.0,50.0,1061,6,1062.0,3.0,1068.0,50.0,1057.5,0.0
59400,2,ORCHIDS,1054,9,1053.0,4.0,1047.0,49.0,1061,9,1062.0,4.0,1068.0,49.0,1057.5,0.0
59500,2,ORCHIDS,1057,5,1054.0,9.0,1053.0,5.0,1061,9,1062.0,5.0,1068.0,59.0,1059.0,0.0
59600,2,ORCHIDS,1055,6,1054.0,2.0,1048.0,43.0,1062,6,1063.0,2.0,1069.0,43.0,1058.5,0.0
59700,2,ORCHIDS,1055,10,1054.0,5.0,1048.0,49.0,1062,10,1063.0,5.0,1069.0,49.0,1058.5,0.0
59800,2,ORCHIDS,1052,5,1051.0,5.0,1045.0,43.0,1059,5,1060.0,5.0,1066.0,43.0,1055.5,0.0
59900,2,ORCHIDS,1053,8,1052.0,3.0,1046.0,41.0,1060,8,1061.0,3.0,1067.0,41.0,1056.5,0.0
60000,2,ORCHIDS,1053,5,1052.0,2.0,1046.0,42.0,1060,5,1061.0,2.0,1067.0,42.0,1056.5,0.0
60100,2,ORCHIDS,1051,10,1050.0,2.0,1044.0,50.0,1058,10,1059.0,2.0,1065.0,50.0,1054.5,0.0
60200,2,ORCHIDS,1050,9,1049.0,2.0,1044.0,53.0,1057,9,1058.0,2.0,1064.0,53.0,1053.5,0.0
60300,2,ORCHIDS,1051,10,1050.0,4.0,1045.0,49.0,1058,10,1059.0,4.0,1065.0,49.0,1054.5,0.0
60400,2,ORCHIDS,1051,10,1050.0,2.0,1044.0,53.0,1058,10,1059.0,2.0,1065.0,53.0,1054.5,0.0
60500,2,ORCHIDS,1051,5,1050.0,2.0,1045.0,47.0,1053,5,1058.0,5.0,1059.0,2.0,1052.0,0.0
60600,2,ORCHIDS,1051,7,1050.0,3.0,1045.0,40.0,1058,7,1059.0,3.0,1065.0,40.0,1054.5,0.0
60700,2,ORCHIDS,1050,8,1049.0,3.0,1043.0,42.0,1057,8,1058.0,3.0,1064.0,42.0,1053.5,0.0
60800,2,ORCHIDS,1050,9,1049.0,2.0,1043.0,47.0,1056,9,1057.0,2.0,1064.0,47.0,1053.0,0.0
60900,2,ORCHIDS,1050,5,1049.0,3.0,1044.0,51.0,1057,5,1058.0,3.0,1064.0,51.0,1053.5,0.0
61000,2,ORCHIDS,1050,9,1049.0,2.0,1043.0,47.0,1057,9,1058.0,2.0,1064.0,47.0,1053.5,0.0
61100,2,ORCHIDS,1051,5,1050.0,2.0,1045.0,47.0,1058,5,1059.0,2.0,1065.0,47.0,1054.5,0.0
61200,2,ORCHIDS,1051,5,1050.0,2.0,1044.0,48.0,1058,5,1059.0,2.0,1065.0,48.0,1054.5,0.0
61300,2,ORCHIDS,1051,10,1050.0,2.0,1044.0,54.0,1058,10,1059.0,2.0,1065.0,54.0,1054.5,0.0
61400,2,ORCHIDS,1052,10,1051.0,5.0,1045.0,54.0,1059,10,1060.0,5.0,1066.0,54.0,1055.5,0.0
61500,2,ORCHIDS,1049,9,1048.0,3.0,1042.0,43.0,1056,9,1057.0,3.0,1063.0,43.0,1052.5,0.0
61600,2,ORCHIDS,1049,10,1048.0,4.0,1042.0,52.0,1056,10,1057.0,4.0,1063.0,52.0,1052.5,0.0
61700,2,ORCHIDS,1049,5,1048.0,4.0,1042.0,45.0,1056,5,1057.0,4.0,1063.0,45.0,1052.5,0.0
61800,2,ORCHIDS,1048,9,1047.0,5.0,1041.0,43.0,1055,9,1056.0,5.0,1062.0,43.0,1051.5,0.0
61900,2,ORCHIDS,1049,5,1048.0,4.0,1042.0,53.0,1056,5,1057.0,4.0,1063.0,53.0,1052.5,0.0
62000,2,ORCHIDS,1049,9,1048.0,4.0,1042.0,50.0,1056,9,1057.0,4.0,1063.0,50.0,1052.5,0.0
62100,2,ORCHIDS,1052,10,1051.0,2.0,1045.0,52.0,1059,10,1060.0,2.0,1066.0,52.0,1055.5,0.0
62200,2,ORCHIDS,1051,9,1050.0,3.0,1044.0,46.0,1058,9,1059.0,3.0,1065.0,46.0,1054.5,0.0
62300,2,ORCHIDS,1049,8,1048.0,2.0,1043.0,44.0,1056,8,1057.0,2.0,1063.0,44.0,1052.5,0.0
62400,2,ORCHIDS,1048,7,1047.0,5.0,1042.0,55.0,1055,7,1056.0,5.0,1062.0,55.0,1051.5,0.0
62500,2,ORCHIDS,1048,7,1047.0,2.0,1041.0,49.0,1055,7,1056.0,2.0,1062.0,49.0,1051.5,0.0
62600,2,ORCHIDS,1048,7,1047.0,5.0,1041.0,50.0,1055,7,1056.0,5.0,1062.0,50.0,1051.5,0.0
62700,2,ORCHIDS,1048,9,1047.0,4.0,1042.0,49.0,1055,9,1056.0,4.0,1062.0,49.0,1051.5,0.0
62800,2,ORCHIDS,1054,5,1049.0,6.0,1048.0,3.0,1056,6,1057.0,3.0,1063.0,43.0,1055.0,0.0
62900,2,ORCHIDS,1049,6,1048.0,5.0,1043.0,40.0,1056,6,1057.0,5.0,1063.0,40.0,1052.5,0.0
63000,2,ORCHIDS,1050,9,1049.0,4.0,1044.0,48.0,1057,9,1058.0,4.0,1064.0,48.0,1053.5,0.0
63100,2,ORCHIDS,1051,7,1050.0,2.0,1045.0,48.0,1058,7,1059.0,2.0,1065.0,48.0,1054.5,0.0
63200,2,ORCHIDS,1052,6,1051.0,2.0,1045.0,41.0,1058,6,1059.0,2.0,1066.0,41.0,1055.0,0.0
63300,2,ORCHIDS,1052,7,1051.0,5.0,1045.0,50.0,1058,7,1059.0,5.0,1066.0,50.0,1055.0,0.0
63400,2,ORCHIDS,1050,8,1049.0,5.0,1044.0,51.0,1057,8,1058.0,5.0,1064.0,51.0,1053.5,0.0
63500,2,ORCHIDS,1050,10,1049.0,3.0,1044.0,47.0,1057,10,1058.0,3.0,1064.0,47.0,1053.5,0.0
63600,2,ORCHIDS,1050,6,1049.0,5.0,1044.0,48.0,1057,6,1058.0,5.0,1064.0,48.0,1053.5,0.0
63700,2,ORCHIDS,1051,7,1050.0,4.0,1045.0,46.0,1058,7,1059.0,4.0,1065.0,46.0,1054.5,0.0
63800,2,ORCHIDS,1053,9,1052.0,5.0,1046.0,43.0,1060,9,1061.0,5.0,1067.0,43.0,1056.5,0.0
63900,2,ORCHIDS,1054,5,1053.0,2.0,1047.0,51.0,1061,5,1062.0,2.0,1068.0,51.0,1057.5,0.0
64000,2,ORCHIDS,1056,7,1055.0,3.0,1049.0,50.0,1063,7,1064.0,3.0,1070.0,50.0,1059.5,0.0
64100,2,ORCHIDS,1055,7,1054.0,5.0,1049.0,46.0,1062,7,1063.0,5.0,1069.0,46.0,1058.5,0.0
64200,2,ORCHIDS,1053,5,1052.0,4.0,1047.0,46.0,1060,5,1061.0,4.0,1067.0,46.0,1056.5,0.0
64300,2,ORCHIDS,1051,6,1050.0,2.0,1044.0,47.0,1055,6,1058.0,6.0,1059.0,2.0,1053.0,0.0
64400,2,ORCHIDS,1050,8,1049.0,5.0,1043.0,45.0,1057,8,1058.0,5.0,1064.0,45.0,1053.5,0.0
64500,2,ORCHIDS,1050,9,1049.0,2.0,1043.0,50.0,1057,9,1058.0,2.0,1064.0,50.0,1053.5,0.0
64600,2,ORCHIDS,1053,4,1048.0,7.0,1047.0,4.0,1055,7,1056.0,4.0,1062.0,43.0,1054.0,0.0
64700,2,ORCHIDS,1049,9,1048.0,3.0,1043.0,48.0,1056,9,1057.0,3.0,1063.0,48.0,1052.5,0.0
64800,2,ORCHIDS,1049,5,1048.0,5.0,1042.0,40.0,1056,5,1057.0,5.0,1063.0,40.0,1052.5,0.0
64900,2,ORCHIDS,1052,9,1051.0,2.0,1045.0,54.0,1059,9,1060.0,2.0,1066.0,54.0,1055.5,0.0
65000,2,ORCHIDS,1055,7,1054.0,2.0,1048.0,48.0,1062,7,1063.0,2.0,1069.0,48.0,1058.5,0.0
65100,2,ORCHIDS,1052,7,1051.0,5.0,1045.0,38.0,1059,7,1060.0,5.0,1066.0,38.0,1055.5,0.0
65200,2,ORCHIDS,1052,10,1051.0,5.0,1046.0,54.0,1059,10,1060.0,5.0,1066.0,54.0,1055.5,0.0
65300,2,ORCHIDS,1053,5,1052.0,5.0,1046.0,45.0,1060,5,1061.0,5.0,1067.0,45.0,1056.5,0.0
65400,2,ORCHIDS,1054,9,1053.0,2.0,1047.0,58.0,1061,9,1062.0,2.0,1068.0,58.0,1057.5,0.0
65500,2,ORCHIDS,1053,5,1052.0,3.0,1046.0,46.0,1060,5,1061.0,3.0,1067.0,46.0,1056.5,0.0
65600,2,ORCHIDS,1051,6,1050.0,4.0,1045.0,50.0,1058,6,1059.0,4.0,1065.0,50.0,1054.5,0.0
65700,2,ORCHIDS,1051,8,1050.0,5.0,1045.0,48.0,1053,3,1058.0,8.0,1059.0,5.0,1052.0,0.0
65800,2,ORCHIDS,1049,9,1048.0,4.0,1043.0,54.0,1056,9,1057.0,4.0,1063.0,54.0,1052.5,0.0
65900,2,ORCHIDS,1050,7,1049.0,3.0,1044.0,47.0,1057,7,1058.0,3.0,1064.0,47.0,1053.5,0.0
66000,2,ORCHIDS,1050,6,1049.0,5.0,1043.0,46.0,1057,6,1058.0,5.0,1064.0,46.0,1053.5,0.0
66100,2,ORCHIDS,1051,5,1050.0,3.0,1045.0,35.0,1058,5,1059.0,3.0,1065.0,35.0,1054.5,0.0
66200,2,ORCHIDS,1051,9,1050.0,2.0,1045.0,45.0,1058,9,1059.0,2.0,1065.0,45.0,1054.5,0.0
66300,2,ORCHIDS,1051,8,1050.0,4.0,1045.0,48.0,1058,8,1059.0,4.0,1065.0,48.0,1054.5,0.0
66400,2,ORCHIDS,1050,6,1049.0,5.0,1043.0,45.0,1057,6,1058.0,5.0,1064.0,45.0,1053.5,0.0
66500,2,ORCHIDS,1049,6,1048.0,5.0,1042.0,50.0,1056,6,1057.0,5.0,1063.0,50.0,1052.5,0.0
66600,2,ORCHIDS,1048,5,1047.0,3.0,1041.0,41.0,1055,5,1056.0,3.0,1062.0,41.0,1051.5,0.0
66700,2,ORCHIDS,1049,7,1048.0,3.0,1043.0,50.0,1056,7,1057.0,3.0,1063.0,50.0,1052.5,0.0
66800,2,ORCHIDS,1053,6,1050.0,9.0,1049.0,3.0,1057,9,1058.0,3.0,1064.0,47.0,1055.0,0.0
66900,2,ORCHIDS,1052,6,1051.0,5.0,1045.0,45.0,1059,6,1060.0,5.0,1066.0,45.0,1055.5,0.0
67000,2,ORCHIDS,1054,8,1053.0,3.0,1048.0,53.0,1061,8,1062.0,3.0,1068.0,53.0,1057.5,0.0
67100,2,ORCHIDS,1053,5,1052.0,4.0,1046.0,51.0,1060,5,1061.0,4.0,1067.0,51.0,1056.5,0.0
67200,2,ORCHIDS,1053,10,1052.0,5.0,1046.0,48.0,1060,10,1061.0,5.0,1067.0,48.0,1056.5,0.0
67300,2,ORCHIDS,1054,5,1053.0,3.0,1048.0,36.0,1061,5,1062.0,3.0,1068.0,36.0,1057.5,0.0
67400,2,ORCHIDS,1055,10,1054.0,5.0,1049.0,55.0,1062,10,1063.0,5.0,1069.0,55.0,1058.5,0.0
67500,2,ORCHIDS,1054,6,1053.0,5.0,1048.0,42.0,1056,4,1061.0,6.0,1062.0,5.0,1055.0,0.0
67600,2,ORCHIDS,1056,7,1055.0,5.0,1050.0,43.0,1063,7,1064.0,5.0,1070.0,43.0,1059.5,0.0
67700,2,ORCHIDS,1055,10,1054.0,4.0,1049.0,48.0,1062,10,1063.0,4.0,1069.0,48.0,1058.5,0.0
67800,2,ORCHIDS,1056,10,1055.0,2.0,1049.0,47.0,1063,10,1064.0,2.0,1070.0,47.0,1059.5,0.0
67900,2,ORCHIDS,1056,5,1055.0,3.0,1049.0,45.0,1063,5,1064.0,3.0,1070.0,45.0,1059.5,0.0
68000,2,ORCHIDS,1055,7,1054.0,4.0,1049.0,48.0,1062,7,1063.0,4.0,1069.0,48.0,1058.5,0.0
68100,2,ORCHIDS,1055,7,1054.0,3.0,1049.0,44.0,1062,7,1063.0,3.0,1069.0,44.0,1058.5,0.0
68200,2,ORCHIDS,1055,6,1054.0,3.0,1048.0,51.0,1062,6,1063.0,3.0,1069.0,51.0,1058.5,0.0
68300,2,ORCHIDS,1054,10,1053.0,3.0,1048.0,52.0,1061,10,1062.0,3.0,1068.0,52.0,1057.5,0.0
68400,2,ORCHIDS,1056,8,1055.0,3.0,1050.0,56.0,1063,8,1064.0,3.0,1070.0,56.0,1059.5,0.0
68500,2,ORCHIDS,1057,6,1056.0,3.0,1051.0,44.0,1064,6,1065.0,3.0,1071.0,44.0,1060.5,0.0
68600,2,ORCHIDS,1058,10,1057.0,2.0,1052.0,50.0,1065,10,1066.0,2.0,1072.0,50.0,1061.5,0.0
68700,2,ORCHIDS,1061,7,1058.0,9.0,1057.0,2.0,1065,9,1066.0,2.0,1072.0,46.0,1063.0,0.0
68800,2,ORCHIDS,1060,6,1059.0,4.0,1053.0,47.0,1067,6,1068.0,4.0,1074.0,47.0,1063.5,0.0
68900,2,ORCHIDS,1063,9,1062.0,4.0,1056.0,45.0,1070,9,1071.0,4.0,1077.0,45.0,1066.5,0.0
69000,2,ORCHIDS,1063,8,1062.0,4.0,1056.0,46.0,1070,8,1071.0,4.0,1077.0,46.0,1066.5,0.0
69100,2,ORCHIDS,1066,8,1065.0,4.0,1059.0,53.0,1073,8,1074.0,4.0,1080.0,53.0,1069.5,0.0
69200,2,ORCHIDS,1064,5,1063.0,2.0,1058.0,45.0,1071,5,1072.0,2.0,1078.0,45.0,1067.5,0.0
69300,2,ORCHIDS,1064,9,1063.0,2.0,1057.0,48.0,1071,9,1072.0,2.0,1078.0,48.0,1067.5,0.0
69400,2,ORCHIDS,1062,6,1061.0,2.0,1055.0,42.0,1069,6,1070.0,2.0,1076.0,42.0,1065.5,0.0
69500,2,ORCHIDS,1062,8,1061.0,3.0,1055.0,44.0,1069,8,1070.0,3.0,1076.0,44.0,1065.5,0.0
69600,2,ORCHIDS,1063,8,1062.0,3.0,1056.0,51.0,1070,8,1071.0,3.0,1077.0,51.0,1066.5,0.0
69700,2,ORCHIDS,1062,5,1061.0,4.0,1056.0,46.0,1069,5,1070.0,4.0,1076.0,46.0,1065.5,0.0
69800,2,ORCHIDS,1062,6,1061.0,4.0,1056.0,53.0,1069,6,1070.0,4.0,1076.0,53.0,1065.5,0.0
69900,2,ORCHIDS,1059,7,1058.0,5.0,1053.0,55.0,1066,7,1067.0,5.0,1073.0,55.0,1062.5,0.0
70000,2,ORCHIDS,1059,5,1058.0,5.0,1052.0,51.0,1066,5,1067.0,5.0,1073.0,51.0,1062.5,0.0
70100,2,ORCHIDS,1059,6,1058.0,2.0,1052.0,50.0,1066,6,1067.0,2.0,1073.0,50.0,1062.5,0.0
70200,2,ORCHIDS,1059,6,1058.0,2.0,1052.0,46.0,1066,6,1067.0,2.0,1073.0,46.0,1062.5,0.0
70300,2,ORCHIDS,1060,7,1059.0,3.0,1054.0,46.0,1067,7,1068.0,3.0,1074.0,46.0,1063.5,0.0
70400,2,ORCHIDS,1061,5,1060.0,4.0,1054.0,49.0,1067,5,1068.0,4.0,1075.0,49.0,1064.0,0.0
70500,2,ORCHIDS,1060,6,1059.0,2.0,1053.0,47.0,1067,6,1068.0,2.0,1074.0,47.0,1063.5,0.0
70600,2,ORCHIDS,1060,9,1059.0,2.0,1053.0,44.0,1067,9,1068.0,2.0,1074.0,44.0,1063.5,0.0
70700,2,ORCHIDS,1060,5,1059.0,3.0,1054.0,44.0,1067,5,1068.0,3.0,1074.0,44.0,1063.5,0.0
70800,2,ORCHIDS,1060,10,1059.0,4.0,1054.0,53.0,1067,10,1068.0,4.0,1074.0,53.0,1063.5,0.0
70900,2,ORCHIDS,1061,9,1060.0,3.0,1054.0,52.0,1067,9,1068.0,3.0,1075.0,52.0,1064.0,0.0
71000,2,ORCHIDS,1061,6,1060.0,2.0,1054.0,55.0,1068,6,1069.0,2.0,1075.0,55.0,1064.5,0.0
71100,2,ORCHIDS,1059,9,1058.0,3.0,1053.0,47.0,1061,4,1066.0,9.0,1067.0,3.0,1060.0,0.0
71200,2,ORCHIDS,1057,7,1056.0,3.0,1051.0,45.0,1064,7,1065.0,3.0,1071.0,45.0,1060.5,0.0
71300,2,ORCHIDS,1057,10,1056.0,2.0,1050.0,48.0,1064,10,1065.0,2.0,1071.0,48.0,1060.5,0.0
71400,2,ORCHIDS,1056,10,1055.0,3.0,1049.0,47.0,1063,10,1064.0,3.0,1070.0,47.0,1059.5,0.0
71500,2,ORCHIDS,1060,6,1057.0,5.0,1056.0,2.0,1064,5,1065.0,2.0,1071.0,45.0,1062.0,0.0
71600,2,ORCHIDS,1055,7,1054.0,4.0,1049.0,46.0,1062,7,1063.0,4.0,1069.0,46.0,1058.5,0.0
71700,2,ORCHIDS,1056,6,1055.0,5.0,1050.0,55.0,1063,6,1064.0,5.0,1070.0,55.0,1059.5,0.0
71800,2,ORCHIDS,1056,6,1055.0,5.0,1050.0,46.0,1063,6,1064.0,5.0,1070.0,46.0,1059.5,0.0
71900,2,ORCHIDS,1057,10,1056.0,3.0,1050.0,45.0,1063,10,1064.0,3.0,1071.0,45.0,1060.0,0.0
72000,2,ORCHIDS,1055,6,1054.0,4.0,1049.0,50.0,1062,6,1063.0,4.0,1069.0,50.0,1058.5,0.0
72100,2,ORCHIDS,1055,6,1054.0,5.0,1048.0,41.0,1062,6,1063.0,5.0,1069.0,41.0,1058.5,0.0
72200,2,ORCHIDS,1054,5,1053.0,5.0,1048.0,48.0,1061,5,1062.0,5.0,1068.0,48.0,1057.5,0.0
72300,2,ORCHIDS,1053,5,1052.0,5.0,1046.0,41.0,1060,5,1061.0,5.0,1067.0,41.0,1056.5,0.0
72400,2,ORCHIDS,1053,7,1052.0,4.0,1047.0,48.0,1060,7,1061.0,4.0,1067.0,48.0,1056.5,0.0
72500,2,ORCHIDS,1054,6,1053.0,3.0,1048.0,43.0,1061,6,1062.0,3.0,1068.0,43.0,1057.5,0.0
72600,2,ORCHIDS,1054,10,1053.0,4.0,1047.0,49.0,1061,10,1062.0,4.0,1068.0,49.0,1057.5,0.0
72700,2,ORCHIDS,1052,8,1051.0,2.0,1046.0,49.0,1059,8,1060.0,2.0,1066.0,49.0,1055.5,0.0
72800,2,ORCHIDS,1053,9,1052.0,4.0,1046.0,50.0,1059,9,1060.0,4.0,1067.0,50.0,1056.0,0.0
72900,2,ORCHIDS,1052,6,1051.0,2.0,1046.0,49.0,1059,6,1060.0,2.0,1066.0,49.0,1055.5,0.0
73000,2,ORCHIDS,1051,7,1050.0,5.0,1044.0,48.0,1058,7,1059.0,5.0,1065.0,48.0,1054.5,0.0
73100,2,ORCHIDS,1049,7,1048.0,3.0,1043.0,39.0,1056,7,1057.0,3.0,1063.0,39.0,1052.5,0.0
73200,2,ORCHIDS,1047,6,1046.0,3.0,1041.0,45.0,1054,6,1055.0,3.0,1061.0,45.0,1050.5,0.0
73300,2,ORCHIDS,1046,5,1045.0,3.0,1039.0,38.0,1053,5,1054.0,3.0,1060.0,38.0,1049.5,0.0
73400,2,ORCHIDS,1047,9,1046.0,5.0,1040.0,49.0,1054,9,1055.0,5.0,1061.0,49.0,1050.5,0.0
73500,2,ORCHIDS,1047,9,1046.0,4.0,1040.0,43.0,1054,9,1055.0,4.0,1061.0,43.0,1050.5,0.0
73600,2,ORCHIDS,1048,8,1047.0,4.0,1041.0,46.0,1055,8,1056.0,4.0,1062.0,46.0,1051.5,0.0
73700,2,ORCHIDS,1049,10,1048.0,2.0,1043.0,46.0,1056,10,1057.0,2.0,1063.0,46.0,1052.5,0.0
73800,2,ORCHIDS,1051,5,1050.0,5.0,1044.0,44.0,1058,5,1059.0,5.0,1065.0,44.0,1054.5,0.0
73900,2,ORCHIDS,1051,8,1050.0,4.0,1044.0,50.0,1058,8,1059.0,4.0,1065.0,50.0,1054.5,0.0
74000,2,ORCHIDS,1052,6,1051.0,4.0,1045.0,54.0,1059,6,1060.0,4.0,1066.0,54.0,1055.5,0.0
74100,2,ORCHIDS,1052,5,1051.0,3.0,1046.0,47.0,1059,5,1060.0,3.0,1066.0,47.0,1055.5,0.0
74200,2,ORCHIDS,1053,9,1052.0,4.0,1047.0,55.0,1060,9,1061.0,4.0,1067.0,55.0,1056.5,0.0
74300,2,ORCHIDS,1054,5,1053.0,3.0,1047.0,45.0,1060,5,1061.0,3.0,1068.0,45.0,1057.0,0.0
74400,2,ORCHIDS,1053,9,1052.0,4.0,1046.0,40.0,1060,9,1061.0,4.0,1067.0,40.0,1056.5,0.0
74500,2,ORCHIDS,1052,9,1051.0,4.0,1046.0,51.0,1059,9,1060.0,4.0,1066.0,51.0,1055.5,0.0
74600,2,ORCHIDS,1049,7,1048.0,3.0,1042.0,45.0,1056,7,1057.0,3.0,1063.0,45.0,1052.5,0.0
74700,2,ORCHIDS,1050,10,1049.0,2.0,1043.0,45.0,1057,10,1058.0,2.0,1064.0,45.0,1053.5,0.0
74800,2,ORCHIDS,1047,6,1046.0,5.0,1040.0,39.0,1054,6,1055.0,5.0,1061.0,39.0,1050.5,0.0
74900,2,ORCHIDS,1045,6,1044.0,2.0,1039.0,44.0,1052,6,1053.0,2.0,1059.0,44.0,1048.5,0.0
75000,2,ORCHIDS,1047,7,1046.0,5.0,1041.0,49.0,1054,7,1055.0,5.0,1061.0,49.0,1050.5,0.0
75100,2,ORCHIDS,1047,9,1046.0,2.0,1040.0,53.0,1049,3,1054.0,9.0,1055.0,2.0,1048.0,0.0
75200,2,ORCHIDS,1046,5,1045.0,5.0,1040.0,47.0,1053,5,1054.0,5.0,1060.0,47.0,1049.5,0.0
75300,2,ORCHIDS,1044,9,1043.0,2.0,1038.0,53.0,1051,9,1052.0,2.0,1058.0,53.0,1047.5,0.0
75400,2,ORCHIDS,1044,10,1043.0,3.0,1037.0,58.0,1051,10,1052.0,3.0,1058.0,58.0,1047.5,0.0
75500,2,ORCHIDS,1043,7,1042.0,4.0,1037.0,47.0,1050,7,1051.0,4.0,1057.0,47.0,1046.5,0.0
75600,2,ORCHIDS,1044,5,1043.0,4.0,1037.0,41.0,1050,5,1051.0,4.0,1058.0,41.0,1047.0,0.0
75700,2,ORCHIDS,1041,9,1040.0,5.0,1035.0,49.0,1048,9,1049.0,5.0,1055.0,49.0,1044.5,0.0
75800,2,ORCHIDS,1040,8,1039.0,4.0,1034.0,42.0,1047,8,1048.0,4.0,1054.0,42.0,1043.5,0.0
75900,2,ORCHIDS,1042,10,1041.0,5.0,1035.0,59.0,1049,10,1050.0,5.0,1056.0,59.0,1045.5,0.0
76000,2,ORCHIDS,1043,8,1042.0,4.0,1036.0,45.0,1050,8,1051.0,4.0,1057.0,45.0,1046.5,0.0
76100,2,ORCHIDS,1043,6,1042.0,2.0,1036.0,43.0,1050,6,1051.0,2.0,1057.0,43.0,1046.5,0.0
76200,2,ORCHIDS,1042,9,1041.0,5.0,1036.0,45.0,1049,9,1050.0,5.0,1056.0,45.0,1045.5,0.0
76300,2,ORCHIDS,1042,7,1041.0,3.0,1036.0,38.0,1049,7,1050.0,3.0,1056.0,38.0,1045.5,0.0
76400,2,ORCHIDS,1042,9,1041.0,5.0,1035.0,48.0,1049,9,1050.0,5.0,1056.0,48.0,1045.5,0.0
76500,2,ORCHIDS,1042,9,1041.0,3.0,1035.0,46.0,1049,9,1050.0,3.0,1056.0,46.0,1045.5,0.0
76600,2,ORCHIDS,1042,9,1041.0,4.0,1035.0,54.0,1049,9,1050.0,4.0,1056.0,54.0,1045.5,0.0
76700,2,ORCHIDS,1043,10,1042.0,3.0,1036.0,41.0,1050,10,1051.0,3.0,1057.0,41.0,1046.5,0.0
76800,2,ORCHIDS,1043,9,1042.0,5.0,1036.0,48.0,1050,9,1051.0,5.0,1057.0,48.0,1046.5,0.0
76900,2,ORCHIDS,1043,9,1042.0,2.0,1037.0,54.0,1050,9,1051.0,2.0,1057.0,54.0,1046.5,0.0
77000,2,ORCHIDS,1045,6,1044.0,5.0,1039.0,36.0,1052,6,1053.0,5.0,1059.0,36.0,1048.5,0.0
77100,2,ORCHIDS,1046,9,1045.0,4.0,1039.0,48.0,1053,9,1054.0,4.0,1060.0,48.0,1049.5,0.0
77200,2,ORCHIDS,1045,7,1044.0,2.0,1038.0,52.0,1052,7,1053.0,2.0,1059.0,52.0,1048.5,0.0
77300,2,ORCHIDS,1045,8,1044.0,2.0,1039.0,39.0,1052,8,1053.0,2.0,1059.0,39.0,1048.5,0.0
77400,2,ORCHIDS,1044,5,1043.0,5.0,1038.0,48.0,1051,5,1052.0,5.0,1058.0,48.0,1047.5,0.0
77500,2,ORCHIDS,1044,7,1043.0,3.0,1037.0,51.0,1051,7,1052.0,3.0,1058.0,51.0,1047.5,0.0
77600,2,ORCHIDS,1043,6,1042.0,4.0,1036.0,55.0,1047,7,1050.0,6.0,1051.0,4.0,1045.0,0.0
77700,2,ORCHIDS,1042,9,1041.0,5.0,1035.0,47.0,1049,9,1050.0,5.0,1056.0,47.0,1045.5,0.0
77800,2,ORCHIDS,1040,6,1039.0,5.0,1034.0,46.0,1047,6,1048.0,5.0,1054.0,46.0,1043.5,0.0
77900,2,ORCHIDS,1041,5,1040.0,3.0,1034.0,43.0,1047,5,1048.0,3.0,1055.0,43.0,1044.0,0.0
78000,2,ORCHIDS,1040,5,1039.0,2.0,1034.0,41.0,1047,5,1048.0,2.0,1054.0,41.0,1043.5,0.0
78100,2,ORCHIDS,1040,10,1039.0,3.0,1034.0,50.0,1044,6,1047.0,10.0,1048.0,3.0,1042.0,0.0
78200,2,ORCHIDS,1046,5,1041.0,5.0,1040.0,2.0,1048,5,1049.0,2.0,1055.0,54.0,1047.0,0.0
78300,2,ORCHIDS,1041,8,1040.0,3.0,1034.0,44.0,1048,8,1049.0,3.0,1055.0,44.0,1044.5,0.0
78400,2,ORCHIDS,1043,10,1042.0,3.0,1036.0,51.0,1050,10,1051.0,3.0,1057.0,51.0,1046.5,0.0
78500,2,ORCHIDS,1042,6,1041.0,3.0,1036.0,55.0,1049,6,1050.0,3.0,1056.0,55.0,1045.5,0.0
78600,2,ORCHIDS,1042,8,1041.0,3.0,1035.0,49.0,1049,8,1050.0,3.0,1056.0,49.0,1045.5,0.0
78700,2,ORCHIDS,1043,7,1042.0,3.0,1036.0,53.0,1050,7,1051.0,3.0,1057.0,53.0,1046.5,0.0
78800,2,ORCHIDS,1042,9,1041.0,2.0,1035.0,46.0,1049,9,1050.0,2.0,1056.0,46.0,1045.5,0.0
78900,2,ORCHIDS,1041,8,1040.0,5.0,1035.0,46.0,1048,8,1049.0,5.0,1055.0,46.0,1044.5,0.0
79000,2,ORCHIDS,1041,9,1040.0,3.0,1034.0,47.0,1048,9,1049.0,3.0,1055.0,47.0,1044.5,0.0
79100,2,ORCHIDS,1044,8,1041.0,6.0,1040.0,4.0,1048,6,1049.0,4.0,1055.0,51.0,1046.0,0.0
79200,2,ORCHIDS,1040,6,1039.0,2.0,1033.0,49.0,1047,6,1048.0,2.0,1054.0,49.0,1043.5,0.0
79300,2,ORCHIDS,1040,10,1039.0,5.0,1033.0,46.0,1047,10,1048.0,5.0,1054.0,46.0,1043.5,0.0
79400,2,ORCHIDS,1038,8,1037.0,4.0,1031.0,44.0,1045,8,1046.0,4.0,1052.0,44.0,1041.5,0.0
79500,2,ORCHIDS,1039,10,1038.0,4.0,1032.0,48.0,1046,10,1047.0,4.0,1053.0,48.0,1042.5,0.0
79600,2,ORCHIDS,1040,10,1039.0,3.0,1034.0,50.0,1047,10,1048.0,3.0,1054.0,50.0,1043.5,0.0
79700,2,ORCHIDS,1041,5,1040.0,3.0,1035.0,39.0,1048,5,1049.0,3.0,1055.0,39.0,1044.5,0.0
79800,2,ORCHIDS,1039,5,1038.0,4.0,1033.0,44.0,1046,5,1047.0,4.0,1053.0,44.0,1042.5,0.0
79900,2,ORCHIDS,1040,6,1039.0,4.0,1033.0,40.0,1047,6,1048.0,4.0,1054.0,40.0,1043.5,0.0
80000,2,ORCHIDS,1041,10,1040.0,2.0,1035.0,50.0,1048,10,1049.0,2.0,1055.0,50.0,1044.5,0.0
80100,2,ORCHIDS,1048,5,1043.0,6.0,1042.0,2.0,1050,6,1051.0,2.0,1057.0,46.0,1049.0,0.0
80200,2,ORCHIDS,1042,9,1041.0,3.0,1035.0,51.0,1049,9,1050.0,3.0,1056.0,51.0,1045.5,0.0
80300,2,ORCHIDS,1041,7,1040.0,3.0,1034.0,44.0,1048,7,1049.0,3.0,1055.0,44.0,1044.5,0.0
80400,2,ORCHIDS,1041,7,1040.0,2.0,1034.0,57.0,1048,7,1049.0,2.0,1055.0,57.0,1044.5,0.0
80500,2,ORCHIDS,1044,6,1043.0,2.0,1037.0,51.0,1051,6,1052.0,2.0,1058.0,51.0,1047.5,0.0
80600,2,ORCHIDS,1044,7,1043.0,4.0,1037.0,48.0,1048,10,1051.0,7.0,1052.0,4.0,1046.0,0.0
80700,2,ORCHIDS,1042,8,1041.0,3.0,1035.0,50.0,1049,8,1050.0,3.0,1056.0,50.0,1045.5,0.0
80800,2,ORCHIDS,1042,8,1041.0,3.0,1035.0,51.0,1049,8,1050.0,3.0,1056.0,51.0,1045.5,0.0
80900,2,ORCHIDS,1042,6,1041.0,4.0,1035.0,38.0,1049,6,1050.0,4.0,1056.0,38.0,1045.5,0.0
81000,2,ORCHIDS,1042,8,1041.0,3.0,1035.0,47.0,1049,8,1050.0,3.0,1056.0,47.0,1045.5,0.0
81100,2,ORCHIDS,1043,7,1042.0,5.0,1036.0,50.0,1050,7,1051.0,5.0,1057.0,50.0,1046.5,0.0
81200,2,ORCHIDS,1043,10,1042.0,2.0,1036.0,52.0,1050,10,1051.0,2.0,1057.0,52.0,1046.5,0.0
81300,2,ORCHIDS,1044,6,1043.0,4.0,1037.0,41.0,1051,6,1052.0,4.0,1058.0,41.0,1047.5,0.0
81400,2,ORCHIDS,1045,9,1044.0,3.0,1038.0,52.0,1052,9,1053.0,3.0,1059.0,52.0,1048.5,0.0
81500,2,ORCHIDS,1045,9,1044.0,3.0,1038.0,52.0,1052,9,1053.0,3.0,1059.0,52.0,1048.5,0.0
81600,2,ORCHIDS,1050,3,1045.0,6.0,1044.0,2.0,1052,6,1053.0,2.0,1059.0,37.0,1051.0,0.0
81700,2,ORCHIDS,1043,5,1042.0,5.0,1036.0,53.0,1050,5,1051.0,5.0,1057.0,53.0,1046.5,0.0
81800,2,ORCHIDS,1044,5,1043.0,4.0,1037.0,44.0,1051,5,1052.0,4.0,1058.0,44.0,1047.5,0.0
81900,2,ORCHIDS,1044,6,1043.0,4.0,1037.0,51.0,1051,6,1052.0,4.0,1058.0,51.0,1047.5,0.0
82000,2,ORCHIDS,1046,5,1045.0,2.0,1039.0,43.0,1053,5,1054.0,2.0,1060.0,43.0,1049.5,0.0
82100,2,ORCHIDS,1046,8,1045.0,3.0,1039.0,56.0,1053,8,1054.0,3.0,1060.0,56.0,1049.5,0.0
82200,2,ORCHIDS,1045,5,1044.0,4.0,1038.0,50.0,1053,5,1054.0,4.0,1060.0,50.0,1049.0,0.0
82300,2,ORCHIDS,1045,6,1044.0,3.0,1038.0,46.0,1053,6,1054.0,3.0,1060.0,46.0,1049.0,0.0
82400,2,ORCHIDS,1048,8,1047.0,4.0,1041.0,45.0,1055,8,1056.0,4.0,1062.0,45.0,1051.5,0.0
82500,2,ORCHIDS,1050,6,1049.0,2.0,1043.0,51.0,1057,6,1058.0,2.0,1064.0,51.0,1053.5,0.0
82600,2,ORCHIDS,1050,6,1049.0,3.0,1043.0,46.0,1057,6,1058.0,3.0,1064.0,46.0,1053.5,0.0
82700,2,ORCHIDS,1047,5,1046.0,5.0,1040.0,50.0,1054,5,1055.0,5.0,1061.0,50.0,1050.5,0.0
82800,2,ORCHIDS,1049,5,1048.0,4.0,1042.0,39.0,1056,5,1057.0,4.0,1063.0,39.0,1052.5,0.0
82900,2,ORCHIDS,1049,8,1048.0,2.0,1042.0,52.0,1056,8,1057.0,2.0,1063.0,52.0,1052.5,0.0
83000,2,ORCHIDS,1048,9,1047.0,4.0,1041.0,57.0,1055,9,1056.0,4.0,1062.0,57.0,1051.5,0.0
83100,2,ORCHIDS,1048,8,1047.0,4.0,1041.0,41.0,1055,8,1056.0,4.0,1062.0,41.0,1051.5,0.0
83200,2,ORCHIDS,1044,10,1043.0,4.0,1037.0,45.0,1051,10,1052.0,4.0,1058.0,45.0,1047.5,0.0
83300,2,ORCHIDS,1043,6,1042.0,4.0,1036.0,50.0,1050,6,1051.0,4.0,1057.0,50.0,1046.5,0.0
83400,2,ORCHIDS,1041,9,1040.0,5.0,1034.0,55.0,1048,9,1049.0,5.0,1055.0,55.0,1044.5,0.0
83500,2,ORCHIDS,1043,10,1042.0,5.0,1036.0,54.0,1050,10,1051.0,5.0,1057.0,54.0,1046.5,0.0
83600,2,ORCHIDS,1045,10,1044.0,4.0,1038.0,49.0,1052,10,1053.0,4.0,1059.0,49.0,1048.5,0.0
83700,2,ORCHIDS,1046,10,1045.0,3.0,1039.0,48.0,1053,10,1054.0,3.0,1060.0,48.0,1049.5,0.0
83800,2,ORCHIDS,1046,9,1045.0,5.0,1039.0,53.0,1053,9,1054.0,5.0,1060.0,53.0,1049.5,0.0
83900,2,ORCHIDS,1048,7,1047.0,3.0,1041.0,46.0,1055,7,1056.0,3.0,1062.0,46.0,1051.5,0.0
84000,2,ORCHIDS,1047,5,1046.0,5.0,1040.0,39.0,1054,5,1055.0,5.0,1061.0,39.0,1050.5,0.0
84100,2,ORCHIDS,1053,2,1048.0,6.0,1047.0,5.0,1055,6,1056.0,5.0,1062.0,47.0,1054.0,0.0
84200,2,ORCHIDS,1046,8,1045.0,5.0,1039.0,49.0,1053,8,1054.0,5.0,1060.0,49.0,1049.5,0.0
84300,2,ORCHIDS,1043,8,1042.0,4.0,1036.0,49.0,1050,8,1051.0,4.0,1057.0,49.0,1046.5,0.0
84400,2,ORCHIDS,1043,9,1042.0,2.0,1036.0,51.0,1050,9,1051.0,2.0,1057.0,51.0,1046.5,0.0
84500,2,ORCHIDS,1043,7,1042.0,4.0,1036.0,41.0,1050,7,1051.0,4.0,1057.0,41.0,1046.5,0.0
84600,2,ORCHIDS,1043,6,1042.0,4.0,1036.0,47.0,1050,6,1051.0,4.0,1057.0,47.0,1046.5,0.0
84700,2,ORCHIDS,1046,5,1043.0,9.0,1042.0,4.0,1050,9,1051.0,4.0,1057.0,50.0,1048.0,0.0
84800,2,ORCHIDS,1042,7,1041.0,2.0,1035.0,55.0,1049,7,1050.0,2.0,1056.0,55.0,1045.5,0.0
84900,2,ORCHIDS,1043,5,1042.0,4.0,1036.0,50.0,1050,5,1051.0,4.0,1057.0,50.0,1046.5,0.0
85000,2,ORCHIDS,1044,6,1043.0,3.0,1037.0,38.0,1048,6,1051.0,6.0,1052.0,3.0,1046.0,0.0
85100,2,ORCHIDS,1044,8,1043.0,5.0,1037.0,40.0,1051,8,1052.0,5.0,1058.0,40.0,1047.5,0.0
85200,2,ORCHIDS,1043,10,1042.0,4.0,1036.0,57.0,1050,10,1051.0,4.0,1057.0,57.0,1046.5,0.0
85300,2,ORCHIDS,1044,7,1043.0,2.0,1037.0,50.0,1051,7,1052.0,2.0,1058.0,50.0,1047.5,0.0
85400,2,ORCHIDS,1044,10,1043.0,3.0,1037.0,47.0,1051,10,1052.0,3.0,1058.0,47.0,1047.5,0.0
85500,2,ORCHIDS,1044,6,1043.0,3.0,1037.0,52.0,1051,6,1052.0,3.0,1058.0,52.0,1047.5,0.0
85600,2,ORCHIDS,1043,6,1042.0,4.0,1036.0,44.0,1050,6,1051.0,4.0,1057.0,44.0,1046.5,0.0
85700,2,ORCHIDS,1045,5,1044.0,2.0,1038.0,42.0,1052,5,1053.0,2.0,1059.0,42.0,1048.5,0.0
85800,2,ORCHIDS,1044,8,1043.0,5.0,1037.0,51.0,1051,8,1052.0,5.0,1058.0,51.0,1047.5,0.0
85900,2,ORCHIDS,1043,5,1042.0,4.0,1036.0,36.0,1050,5,1051.0,4.0,1057.0,36.0,1046.5,0.0
86000,2,ORCHIDS,1042,8,1041.0,2.0,1035.0,38.0,1049,8,1050.0,2.0,1056.0,38.0,1045.5,0.0
86100,2,ORCHIDS,1043,10,1042.0,5.0,1036.0,49.0,1050,10,1051.0,5.0,1057.0,49.0,1046.5,0.0
86200,2,ORCHIDS,1046,5,1045.0,4.0,1039.0,51.0,1053,5,1054.0,4.0,1060.0,51.0,1049.5,0.0
86300,2,ORCHIDS,1046,9,1045.0,5.0,1039.0,50.0,1053,9,1054.0,5.0,1060.0,50.0,1049.5,0.0
86400,2,ORCHIDS,1047,6,1046.0,3.0,1040.0,41.0,1054,6,1055.0,3.0,1061.0,41.0,1050.5,0.0
86500,2,ORCHIDS,1046,7,1045.0,2.0,1039.0,47.0,1053,7,1054.0,2.0,1060.0,47.0,1049.5,0.0
86600,2,ORCHIDS,1046,7,1045.0,5.0,1039.0,41.0,1053,7,1054.0,5.0,1060.0,41.0,1049.5,0.0
86700,2,ORCHIDS,1048,7,1047.0,2.0,1041.0,46.0,1055,7,1056.0,2.0,1062.0,46.0,1051.5,0.0
86800,2,ORCHIDS,1047,6,1046.0,3.0,1040.0,45.0,1054,6,1055.0,3.0,1061.0,45.0,1050.5,0.0
86900,2,ORCHIDS,1045,10,1044.0,2.0,1038.0,42.0,1052,10,1053.0,2.0,1059.0,42.0,1048.5,0.0
87000,2,ORCHIDS,1046,9,1045.0,5.0,1039.0,47.0,1053,9,1054.0,5.0,1060.0,47.0,1049.5,0.0
87100,2,ORCHIDS,1047,10,1046.0,3.0,1040.0,44.0,1054,10,1055.0,3.0,1061.0,44.0,1050.5,0.0
87200,2,ORCHIDS,1046,5,1045.0,5.0,1039.0,36.0,1053,5,1054.0,5.0,1060.0,36.0,1049.5,0.0
87300,2,ORCHIDS,1046,7,1045.0,2.0,1039.0,50.0,1053,7,1054.0,2.0,1060.0,50.0,1049.5,0.0
87400,2,ORCHIDS,1046,5,1045.0,5.0,1039.0,37.0,1053,5,1054.0,5.0,1060.0,37.0,1049.5,0.0
87500,2,ORCHIDS,1044,10,1043.0,5.0,1037.0,44.0,1051,10,1052.0,5.0,1058.0,44.0,1047.5,0.0
87600,2,ORCHIDS,1045,8,1044.0,3.0,1038.0,44.0,1052,8,1053.0,3.0,1059.0,44.0,1048.5,0.0
87700,2,ORCHIDS,1046,9,1045.0,3.0,1039.0,42.0,1053,9,1054.0,3.0,1060.0,42.0,1049.5,0.0
87800,2,ORCHIDS,1045,7,1044.0,5.0,1038.0,51.0,1052,7,1053.0,5.0,1059.0,51.0,1048.5,0.0
87900,2,ORCHIDS,1045,10,1044.0,4.0,1038.0,46.0,1052,10,1053.0,4.0,1059.0,46.0,1048.5,0.0
88000,2,ORCHIDS,1043,6,1042.0,2.0,1036.0,50.0,1050,6,1051.0,2.0,1057.0,50.0,1046.5,0.0
88100,2,ORCHIDS,1043,9,1042.0,3.0,1036.0,50.0,1050,9,1051.0,3.0,1057.0,50.0,1046.5,0.0
88200,2,ORCHIDS,1045,10,1044.0,2.0,1038.0,51.0,1052,10,1053.0,2.0,1059.0,51.0,1048.5,0.0
88300,2,ORCHIDS,1045,6,1044.0,5.0,1038.0,52.0,1052,6,1053.0,5.0,1059.0,52.0,1048.5,0.0
88400,2,ORCHIDS,1047,6,1046.0,3.0,1040.0,47.0,1054,6,1055.0,3.0,1061.0,47.0,1050.5,0.0
88500,2,ORCHIDS,1047,5,1046.0,3.0,1040.0,38.0,1054,5,1055.0,3.0,1061.0,38.0,1050.5,0.0
88600,2,ORCHIDS,1047,8,1046.0,5.0,1040.0,42.0,1054,8,1055.0,5.0,1061.0,42.0,1050.5,0.0
88700,2,ORCHIDS,1046,8,1045.0,2.0,1039.0,52.0,1053,8,1054.0,2.0,1060.0,52.0,1049.5,0.0
88800,2,ORCHIDS,1046,5,1045.0,3.0,1039.0,44.0,1053,5,1054.0,3.0,1060.0,44.0,1049.5,0.0
88900,2,ORCHIDS,1046,10,1045.0,5.0,1039.0,41.0,1053,10,1054.0,5.0,1060.0,41.0,1049.5,0.0
89000,2,ORCHIDS,1047,7,1046.0,2.0,1040.0,48.0,1054,7,1055.0,2.0,1061.0,48.0,1050.5,0.0
89100,2,ORCHIDS,1049,6,1048.0,4.0,1042.0,44.0,1056,6,1057.0,4.0,1063.0,44.0,1052.5,0.0
89200,2,ORCHIDS,1049,9,1048.0,3.0,1042.0,52.0,1056,9,1057.0,3.0,1063.0,52.0,1052.5,0.0
89300,2,ORCHIDS,1049,7,1048.0,3.0,1042.0,47.0,1056,7,1057.0,3.0,1063.0,47.0,1052.5,0.0
89400,2,ORCHIDS,1049,6,1048.0,4.0,1042.0,49.0,1057,6,1058.0,4.0,1064.0,49.0,1053.0,0.0
89500,2,ORCHIDS,1048,9,1047.0,5.0,1041.0,50.0,1055,9,1056.0,5.0,1062.0,50.0,1051.5,0.0
89600,2,ORCHIDS,1048,10,1047.0,3.0,1041.0,57.0,1055,10,1056.0,3.0,1062.0,57.0,1051.5,0.0
89700,2,ORCHIDS,1048,8,1047.0,4.0,1041.0,53.0,1055,8,1056.0,4.0,1062.0,53.0,1051.5,0.0
89800,2,ORCHIDS,1049,5,1046.0,7.0,1045.0,3.0,1053,7,1054.0,3.0,1060.0,42.0,1051.0,0.0
89900,2,ORCHIDS,1048,9,1047.0,2.0,1041.0,43.0,1055,9,1056.0,2.0,1062.0,43.0,1051.5,0.0
90000,2,ORCHIDS,1050,8,1049.0,4.0,1043.0,42.0,1057,8,1058.0,4.0,1064.0,42.0,1053.5,0.0
90100,2,ORCHIDS,1050,5,1049.0,2.0,1043.0,45.0,1057,5,1058.0,2.0,1064.0,45.0,1053.5,0.0
90200,2,ORCHIDS,1048,5,1047.0,2.0,1041.0,40.0,1055,5,1056.0,2.0,1062.0,40.0,1051.5,0.0
90300,2,ORCHIDS,1048,9,1047.0,3.0,1041.0,58.0,1055,9,1056.0,3.0,1062.0,58.0,1051.5,0.0
90400,2,ORCHIDS,1046,8,1045.0,5.0,1039.0,45.0,1053,8,1054.0,5.0,1060.0,45.0,1049.5,0.0
90500,2,ORCHIDS,1047,9,1046.0,4.0,1040.0,50.0,1054,9,1055.0,4.0,1061.0,50.0,1050.5,0.0
90600,2,ORCHIDS,1046,7,1045.0,5.0,1039.0,44.0,1053,7,1054.0,5.0,1060.0,44.0,1049.5,0.0
90700,2,ORCHIDS,1046,6,1045.0,2.0,1039.0,51.0,1053,6,1054.0,2.0,1060.0,51.0,1049.5,0.0
90800,2,ORCHIDS,1046,6,1045.0,3.0,1039.0,42.0,1053,6,1054.0,3.0,1060.0,42.0,1049.5,0.0
90900,2,ORCHIDS,1047,5,1046.0,2.0,1040.0,39.0,1054,5,1055.0,2.0,1061.0,39.0,1050.5,0.0
91000,2,ORCHIDS,1049,8,1048.0,3.0,1042.0,50.0,1056,8,1057.0,3.0,1063.0,50.0,1052.5,0.0
91100,2,ORCHIDS,1048,5,1047.0,5.0,1041.0,44.0,1055,5,1056.0,5.0,1062.0,44.0,1051.5,0.0
91200,2,ORCHIDS,1048,8,1047.0,4.0,1041.0,42.0,1055,8,1056.0,4.0,1062.0,42.0,1051.5,0.0
91300,2,ORCHIDS,1050,5,1049.0,2.0,1043.0,48.0,1057,5,1058.0,2.0,1064.0,48.0,1053.5,0.0
91400,2,ORCHIDS,1053,9,1050.0,5.0,1049.0,3.0,1057,5,1058.0,3.0,1064.0,45.0,1055.0,0.0
91500,2,ORCHIDS,1051,8,1050.0,4.0,1044.0,45.0,1058,8,1059.0,4.0,1065.0,45.0,1054.5,0.0
91600,2,ORCHIDS,1051,10,1050.0,4.0,1044.0,51.0,1058,10,1059.0,4.0,1065.0,51.0,1054.5,0.0
91700,2,ORCHIDS,1052,9,1051.0,5.0,1045.0,44.0,1059,9,1060.0,5.0,1066.0,44.0,1055.5,0.0
91800,2,ORCHIDS,1053,5,1052.0,5.0,1046.0,46.0,1060,5,1061.0,5.0,1067.0,46.0,1056.5,0.0
91900,2,ORCHIDS,1053,8,1052.0,5.0,1046.0,47.0,1061,8,1062.0,5.0,1068.0,47.0,1057.0,0.0
92000,2,ORCHIDS,1055,10,1054.0,4.0,1048.0,54.0,1062,10,1063.0,4.0,1069.0,54.0,1058.5,0.0
92100,2,ORCHIDS,1056,9,1055.0,2.0,1049.0,53.0,1063,9,1064.0,2.0,1070.0,53.0,1059.5,0.0
92200,2,ORCHIDS,1056,7,1055.0,3.0,1049.0,50.0,1063,7,1064.0,3.0,1070.0,50.0,1059.5,0.0
92300,2,ORCHIDS,1055,6,1054.0,5.0,1048.0,52.0,1062,6,1063.0,5.0,1069.0,52.0,1058.5,0.0
92400,2,ORCHIDS,1057,9,1056.0,4.0,1050.0,42.0,1064,9,1065.0,4.0,1071.0,42.0,1060.5,0.0
92500,2,ORCHIDS,1059,8,1056.0,10.0,1055.0,5.0,1063,10,1064.0,5.0,1070.0,44.0,1061.0,0.0
92600,2,ORCHIDS,1058,8,1057.0,5.0,1051.0,44.0,1065,8,1066.0,5.0,1072.0,44.0,1061.5,0.0
92700,2,ORCHIDS,1057,10,1056.0,2.0,1050.0,48.0,1065,10,1066.0,2.0,1072.0,48.0,1061.0,0.0
92800,2,ORCHIDS,1057,6,1056.0,4.0,1050.0,41.0,1064,6,1065.0,4.0,1071.0,41.0,1060.5,0.0
92900,2,ORCHIDS,1058,8,1057.0,3.0,1051.0,50.0,1065,8,1066.0,3.0,1072.0,50.0,1061.5,0.0
93000,2,ORCHIDS,1059,10,1058.0,5.0,1052.0,44.0,1066,10,1067.0,5.0,1073.0,44.0,1062.5,0.0
93100,2,ORCHIDS,1060,5,1059.0,2.0,1053.0,40.0,1067,5,1068.0,2.0,1074.0,40.0,1063.5,0.0
93200,2,ORCHIDS,1057,6,1056.0,3.0,1050.0,42.0,1064,6,1065.0,3.0,1071.0,42.0,1060.5,0.0
93300,2,ORCHIDS,1058,9,1055.0,6.0,1054.0,4.0,1062,6,1063.0,4.0,1069.0,46.0,1060.0,0.0
93400,2,ORCHIDS,1055,8,1054.0,3.0,1048.0,47.0,1062,8,1063.0,3.0,1069.0,47.0,1058.5,0.0
93500,2,ORCHIDS,1055,7,1054.0,4.0,1048.0,50.0,1062,7,1063.0,4.0,1069.0,50.0,1058.5,0.0
93600,2,ORCHIDS,1053,7,1052.0,3.0,1046.0,38.0,1060,7,1061.0,3.0,1067.0,38.0,1056.5,0.0
93700,2,ORCHIDS,1054,10,1053.0,2.0,1047.0,57.0,1061,10,1062.0,2.0,1068.0,57.0,1057.5,0.0
93800,2,ORCHIDS,1055,7,1054.0,5.0,1048.0,44.0,1062,7,1063.0,5.0,1069.0,44.0,1058.5,0.0
93900,2,ORCHIDS,1056,6,1055.0,4.0,1049.0,45.0,1063,6,1064.0,4.0,1070.0,45.0,1059.5,0.0
94000,2,ORCHIDS,1058,5,1057.0,2.0,1051.0,51.0,1065,5,1066.0,2.0,1072.0,51.0,1061.5,0.0
94100,2,ORCHIDS,1059,7,1058.0,5.0,1052.0,48.0,1066,7,1067.0,5.0,1073.0,48.0,1062.5,0.0
94200,2,ORCHIDS,1058,9,1057.0,5.0,1051.0,55.0,1065,9,1066.0,5.0,1072.0,55.0,1061.5,0.0
94300,2,ORCHIDS,1057,10,1056.0,5.0,1050.0,45.0,1064,10,1065.0,5.0,1071.0,45.0,1060.5,0.0
94400,2,ORCHIDS,1057,6,1056.0,2.0,1050.0,36.0,1064,6,1065.0,2.0,1071.0,36.0,1060.5,0.0
94500,2,ORCHIDS,1055,5,1054.0,3.0,1048.0,46.0,1062,5,1063.0,3.0,1069.0,46.0,1058.5,0.0
94600,2,ORCHIDS,1055,9,1054.0,2.0,1048.0,51.0,1062,9,1063.0,2.0,1069.0,51.0,1058.5,0.0
94700,2,ORCHIDS,1054,7,1053.0,2.0,1047.0,45.0,1061,7,1062.0,2.0,1068.0,45.0,1057.5,0.0
94800,2,ORCHIDS,1053,5,1052.0,3.0,1046.0,41.0,1060,5,1061.0,3.0,1067.0,41.0,1056.5,0.0
94900,2,ORCHIDS,1051,10,1050.0,5.0,1044.0,42.0,1058,10,1059.0,5.0,1065.0,42.0,1054.5,0.0
95000,2,ORCHIDS,1050,6,1049.0,4.0,1043.0,47.0,1057,6,1058.0,4.0,1064.0,47.0,1053.5,0.0
95100,2,ORCHIDS,1049,6,1048.0,4.0,1042.0,49.0,1051,3,1056.0,6.0,1057.0,4.0,1050.0,0.0
95200,2,ORCHIDS,1050,10,1049.0,5.0,1043.0,54.0,1057,10,1058.0,5.0,1064.0,54.0,1053.5,0.0
95300,2,ORCHIDS,1048,10,1047.0,5.0,1041.0,55.0,1055,10,1056.0,5.0,1062.0,55.0,1051.5,0.0
95400,2,ORCHIDS,1048,7,1047.0,3.0,1041.0,50.0,1055,7,1056.0,3.0,1062.0,50.0,1051.5,0.0
95500,2,ORCHIDS,1047,6,1046.0,3.0,1040.0,39.0,1054,6,1055.0,3.0,1061.0,39.0,1050.5,0.0
95600,2,ORCHIDS,1048,6,1047.0,4.0,1041.0,42.0,1055,6,1056.0,4.0,1062.0,42.0,1051.5,0.0
95700,2,ORCHIDS,1049,10,1048.0,3.0,1042.0,49.0,1056,10,1057.0,3.0,1063.0,49.0,1052.5,0.0
95800,2,ORCHIDS,1050,9,1049.0,2.0,1043.0,54.0,1057,9,1058.0,2.0,1064.0,54.0,1053.5,0.0
95900,2,ORCHIDS,1051,10,1050.0,2.0,1044.0,52.0,1058,10,1059.0,2.0,1065.0,52.0,1054.5,0.0
96000,2,ORCHIDS,1050,6,1049.0,5.0,1043.0,45.0,1058,6,1059.0,5.0,1065.0,45.0,1054.0,0.0
96100,2,ORCHIDS,1051,9,1050.0,2.0,1044.0,48.0,1058,9,1059.0,2.0,1065.0,48.0,1054.5,0.0
96200,2,ORCHIDS,1049,7,1048.0,5.0,1042.0,42.0,1056,7,1057.0,5.0,1063.0,42.0,1052.5,0.0
96300,2,ORCHIDS,1048,10,1047.0,4.0,1041.0,50.0,1055,10,1056.0,4.0,1062.0,50.0,1051.5,0.0
96400,2,ORCHIDS,1049,8,1048.0,4.0,1042.0,45.0,1056,8,1057.0,4.0,1063.0,45.0,1052.5,0.0
96500,2,ORCHIDS,1052,7,1051.0,4.0,1045.0,40.0,1059,7,1060.0,4.0,1066.0,40.0,1055.5,0.0
96600,2,ORCHIDS,1051,6,1050.0,5.0,1044.0,48.0,1058,6,1059.0,5.0,1065.0,48.0,1054.5,0.0
96700,2,ORCHIDS,1052,9,1051.0,4.0,1045.0,54.0,1059,9,1060.0,4.0,1066.0,54.0,1055.5,0.0
96800,2,ORCHIDS,1052,8,1051.0,4.0,1045.0,45.0,1059,8,1060.0,4.0,1066.0,45.0,1055.5,0.0
96900,2,ORCHIDS,1051,7,1050.0,2.0,1044.0,43.0,1058,7,1059.0,2.0,1065.0,43.0,1054.5,0.0
97000,2,ORCHIDS,1051,10,1050.0,3.0,1044.0,55.0,1059,10,1060.0,3.0,1066.0,55.0,1055.0,0.0
97100,2,ORCHIDS,1050,5,1049.0,4.0,1043.0,46.0,1057,5,1058.0,4.0,1064.0,46.0,1053.5,0.0
97200,2,ORCHIDS,1048,9,1047.0,2.0,1041.0,43.0,1055,9,1056.0,2.0,1062.0,43.0,1051.5,0.0
97300,2,ORCHIDS,1046,5,1045.0,3.0,1039.0,38.0,1053,5,1054.0,3.0,1060.0,38.0,1049.5,0.0
97400,2,ORCHIDS,1046,8,1045.0,3.0,1039.0,50.0,1053,8,1054.0,3.0,1060.0,50.0,1049.5,0.0
97500,2,ORCHIDS,1045,7,1044.0,2.0,1038.0,47.0,1052,7,1053.0,2.0,1059.0,47.0,1048.5,0.0
97600,2,ORCHIDS,1043,7,1042.0,5.0,1036.0,45.0,1050,7,1051.0,5.0,1057.0,45.0,1046.5,0.0
97700,2,ORCHIDS,1042,7,1041.0,3.0,1035.0,47.0,1049,7,1050.0,3.0,1056.0,47.0,1045.5,0.0
97800,2,ORCHIDS,1043,6,1042.0,5.0,1036.0,48.0,1050,6,1051.0,5.0,1057.0,48.0,1046.5,0.0
97900,2,ORCHIDS,1045,5,1044.0,3.0,1038.0,46.0,1052,5,1053.0,3.0,1059.0,46.0,1048.5,0.0
98000,2,ORCHIDS,1046,10,1045.0,4.0,1039.0,55.0,1053,10,1054.0,4.0,1060.0,55.0,1049.5,0.0
98100,2,ORCHIDS,1046,10,1045.0,3.0,1039.0,50.0,1053,10,1054.0,3.0,1060.0,50.0,1049.5,0.0
98200,2,ORCHIDS,1046,10,1045.0,4.0,1039.0,47.0,1053,10,1054.0,4.0,1060.0,47.0,1049.5,0.0
98300,2,ORCHIDS,1044,6,1043.0,4.0,1037.0,44.0,1051,6,1052.0,4.0,1058.0,44.0,1047.5,0.0
98400,2,ORCHIDS,1044,8,1043.0,4.0,1037.0,48.0,1052,8,1053.0,4.0,1059.0,48.0,1048.0,0.0
98500,2,ORCHIDS,1044,10,1043.0,4.0,1037.0,49.0,1051,10,1052.0,4.0,1058.0,49.0,1047.5,0.0
98600,2,ORCHIDS,1047,6,1044.0,8.0,1043.0,2.0,1051,8,1052.0,2.0,1058.0,43.0,1049.0,0.0
98700,2,ORCHIDS,1046,9,1045.0,2.0,1039.0,52.0,1053,9,1054.0,2.0,1060.0,52.0,1049.5,0.0
98800,2,ORCHIDS,1047,10,1046.0,5.0,1040.0,49.0,1054,10,1055.0,5.0,1061.0,49.0,1050.5,0.0
98900,2,ORCHIDS,1047,9,1046.0,4.0,1040.0,46.0,1054,9,1055.0,4.0,1061.0,46.0,1050.5,0.0
99000,2,ORCHIDS,1047,5,1046.0,4.0,1040.0,45.0,1054,5,1055.0,4.0,1061.0,45.0,1050.5,0.0
99100,2,ORCHIDS,1047,9,1046.0,4.0,1040.0,54.0,1054,9,1055.0,4.0,1061.0,54.0,1050.5,0.0
99200,2,ORCHIDS,1045,5,1044.0,4.0,1038.0,37.0,1052,5,1053.0,4.0,1059.0,37.0,1048.5,0.0
99300,2,ORCHIDS,1044,7,1043.0,3.0,1037.0,42.0,1051,7,1052.0,3.0,1058.0,42.0,1047.5,0.0
99400,2,ORCHIDS,1045,10,1044.0,3.0,1038.0,55.0,1052,10,1053.0,3.0,1059.0,55.0,1048.5,0.0
99500,2,ORCHIDS,1044,9,1043.0,2.0,1037.0,50.0,1052,9,1053.0,2.0,1059.0,50.0,1048.0,0.0
99600,2,ORCHIDS,1048,8,1047.0,3.0,1041.0,48.0,1055,8,1056.0,3.0,1062.0,48.0,1051.5,0.0
99700,2,ORCHIDS,1048,10,1047.0,5.0,1041.0,56.0,1055,10,1056.0,5.0,1062.0,56.0,1051.5,0.0
99800,2,ORCHIDS,1048,9,1047.0,2.0,1041.0,50.0,1055,9,1056.0,2.0,1062.0,50.0,1051.5,0.0
99900,2,ORCHIDS,1048,5,1047.0,5.0,1041.0,42.0,1055,5,1056.0,5.0,1062.0,42.0,1051.5,0.0
